<?xml version="1.0" encoding="UTF-8"?>
<window>
	<defaultcontrol always="true">8</defaultcontrol>
	<controls>
		<control type="image">
			<left>0</left>
			<top>0</top>
			<width>100%</width>
			<height>100%</height>
			<aspectratio>scale</aspectratio>
			<texture>$INFO[ListItem.Art(fanart)]</texture>
		</control>
		<control type="image">
			<left>0</left>
			<top>0</top>
			<width>100%</width>
			<height>100%</height>
			<aspectratio>scale</aspectratio>
			<texture>$INFO[Window(Home).Property(TMDbHelper.ListItem.fanart)]</texture>
		</control>
		<control type="image">
			<left>0</left>
			<top>0</top>
			<width>100%</width>
			<height>100%</height>
			<texture>backgrounds/fade.png</texture>
			<aspectratio>scale</aspectratio>
		</control>
		<control type="image">
			<left>0</left>
			<top>0</top>
			<width>100%</width>
			<height>100%</height>
			<texture>backgrounds/fade.png</texture>
			<aspectratio>scale</aspectratio>
		</control>
		<control type="image">
			<left>0</left>
			<top>0</top>
			<width>100%</width>
			<height>100%</height>
			<texture>backgrounds/fade.png</texture>
			<aspectratio>scale</aspectratio>
		</control>
		<control type="image">
			<left>0</left>
			<top>0</top>
			<width>100%</width>
			<height>100%</height>
			<texture>backgrounds/fade.png</texture>
			<aspectratio>scale</aspectratio>
		</control>
		<control type="image">
			<left>0</left>
			<top>600r</top>
			<width>100%</width>
			<height>600</height>
			<texture>backgrounds/gradient_floor.png</texture>
		</control>
		<control type="group">
		<visible>!Skin.HasSetting(Touchmode)</visible>
			<control type="image">
				<right>20</right>
				<top>95</top>
				<width>60</width>
				<height>60</height>
				<texture colordiffuse="button.nf">backgrounds/white.png</texture>
			</control>
			<control type="button" id="998">
				<right>15</right>
				<top>90</top>
				<width>70</width>
				<height>70</height>
				<label></label>
				<font/>
				<onclick>ActivateWindow(home)</onclick>
				<texturefocus colordiffuse="$INFO[Skin.String(color.500)]">icons/home.png</texturefocus>
				<texturenofocus colordiffuse="white">icons/home.png</texturenofocus>
				<onleft>999</onleft>
				<onright>8</onright>
				<onup></onup>
				<ondown></ondown>
			</control>
			<control type="image">
				<right>100</right>
				<top>95</top>
				<width>60</width>
				<height>60</height>
				<texture colordiffuse="button.nf">backgrounds/white.png</texture>
			</control>
			<control type="button" id="999">
				<right>95</right>
				<top>90</top>
				<width>70</width>
				<height>70</height>
				<label></label>
				<font/>
				<onclick>back</onclick>
				<texturefocus colordiffuse="$INFO[Skin.String(color.500)]">icons/back.png</texturefocus>
				<texturenofocus colordiffuse="white">icons/back.png</texturenofocus>
				<onleft>10</onleft>
				<onright>998</onright>
				<onup></onup>
				<ondown></ondown>
			</control>
		</control>
		<control type="group">
			<visible>!Skin.HasSetting(View50HideClock)</visible>
			<visible>!Player.HasAudio + !Skin.HasSetting(homepageMusicinfo)</visible>
			<visible>!Player.HasVideo + !Skin.HasSetting(homepageVideoinfo)</visible>
			<control type="label">
				<visible>!Skin.HasSetting(Shadow)</visible>
				<top>122r</top>
				<left>23</left>
				<width>500</width>
				<height>22</height>
				<font>font14</font>
				<align>left</align>
				<aligny>center</aligny>
				<label>$INFO[System.Date]</label>
				<textcolor>black</textcolor>
				<shadowcolor>black</shadowcolor>
			</control>
			<control type="label">
				<top>125r</top>
				<left>20</left>
				<width>500</width>
				<height>22</height>
				<font>font14</font>
				<align>left</align>
				<aligny>center</aligny>
				<label>$INFO[System.Date]</label>
				<textcolor>white</textcolor>
				<shadowcolor>black</shadowcolor>
			</control>
			<control type="label">
				<visible>!Skin.HasSetting(Shadow)</visible>
				<top>77r</top>
				<left>23</left>
				<width>500</width>
				<height>30</height>
				<align>left</align>
				<aligny>center</aligny>
				<font>font35_title</font>
				<textcolor>black</textcolor>
				<shadowcolor>black</shadowcolor>
				<label>$INFO[System.Time(hh:mm:ss)]</label>
			</control>
			<control type="label">
				<top>80r</top>
				<left>20</left>
				<width>500</width>
				<height>30</height>
				<align>left</align>
				<aligny>center</aligny>
				<font>font35_title</font>
				<textcolor>$INFO[Skin.String(color.500)]</textcolor>
				<shadowcolor>black</shadowcolor>
				<label>$INFO[System.Time(hh:mm:ss)]</label>
			</control>
		</control>
		<control type="image">
			<visible>!Skin.HasSetting(Shadow)</visible>
			<left>5</left>
			<top>938</top>
			<width>1920</width>
			<height>64</height>
			<texture colordiffuse="black">menu_bar_views.png</texture>
		</control>
		<control type="image">
			<left>0</left>
			<top>935</top>
			<width>1920</width>
			<height>64</height>
			<texture colordiffuse="$INFO[Skin.String(color.500)]">menu_bar_views.png</texture>
		</control>
		<control type="group">
			<left>0</left>
			<top>510</top>
			<visible>Player.HasAudio + !Skin.HasSetting(homepageMusicinfo) + String.IsEmpty(Window(Videos).Property(PlayingBackgroundMedia))</visible>
			<control type="group">
				<control type="label">
					<left>20</left>
					<top>440</top>
					<height>38</height>
					<width>560</width>
					<align>left</align>
					<aligny>center</aligny>
					<font>breadcrumb</font>
					<textcolor>$INFO[Skin.String(color.500)]</textcolor>
					<shadowcolor>black</shadowcolor>
					<label>$INFO[Player.Title]</label>
					<scroll>true</scroll>
				</control>
				<control type="label">
					<left>20</left>
					<top>470</top>
					<height>38</height>
					<width>560</width>
					<align>left</align>
					<aligny>center</aligny>
					<font>breadcrumb.secondary</font>
					<textcolor>$INFO[Skin.String(color.500)]</textcolor>
					<shadowcolor>black</shadowcolor>
					<label>$INFO[MusicPlayer.Artist] [COLORwhite]$INFO[MusicPlayer.Album]$INFO[musicplayer.discnumber, - $LOCALIZE[427]: ][/COLOR]</label>
					<scroll>true</scroll>
				</control>
				<control type="label">
					<left>20</left>
					<top>500</top>
					<height>38</height>
					<width>560</width>
					<align>left</align>
					<aligny>center</aligny>
					<font>breadcrumb.secondary</font>
					<textcolor>white</textcolor>
					<shadowcolor>black</shadowcolor>
					<label>$INFO[Player.Time] / $INFO[Player.Duration,]</label>
					<scroll>true</scroll>
				</control>
			</control>
		</control>
		<control type="group">
			<left>0</left>
			<top>510</top>
			<visible>Player.HasAudio + !Skin.HasSetting(homepageMusicinfo) + String.IsEmpty(Window(Videos).Property(PlayingBackgroundMedia))</visible>
			<control type="group">
				<control type="label">
					<left>20</left>
					<top>440</top>
					<height>38</height>
					<width>560</width>
					<align>left</align>
					<aligny>center</aligny>
					<font>breadcrumb</font>
					<textcolor>$INFO[Skin.String(color.500)]</textcolor>
					<shadowcolor>black</shadowcolor>
					<label>$INFO[Player.Title]</label>
					<scroll>true</scroll>
				</control>
				<control type="label">
					<left>20</left>
					<top>470</top>
					<height>38</height>
					<width>560</width>
					<align>left</align>
					<aligny>center</aligny>
					<font>breadcrumb.secondary</font>
					<textcolor>$INFO[Skin.String(color.500)]</textcolor>
					<shadowcolor>black</shadowcolor>
					<label>$INFO[MusicPlayer.Artist] [COLORwhite]$INFO[MusicPlayer.Album]$INFO[musicplayer.discnumber, - $LOCALIZE[427]: ][/COLOR]</label>
					<scroll>true</scroll>
				</control>
				<control type="label">
					<left>20</left>
					<top>500</top>
					<height>38</height>
					<width>560</width>
					<align>left</align>
					<aligny>center</aligny>
					<font>breadcrumb.secondary</font>
					<textcolor>white</textcolor>
					<shadowcolor>black</shadowcolor>
					<label>$INFO[Player.Time] / $INFO[Player.Duration,]</label>
					<scroll>true</scroll>
				</control>
			</control>
		</control>
		<control type="group">
			<left>0</left>
			<top>480</top>
			<visible>Player.HasVideo + !Skin.HasSetting(homepageVideoinfo) + String.IsEmpty(Window(Videos).Property(PlayingBackgroundMedia))</visible>
				<control type="group">
				<visible>!VideoPlayer.Content(Movies) + !VideoPlayer.Content(Episodes) + !VideoPlayer.Content(LiveTV)</visible>
				<control type="label">
					<left>20</left>
					<top>500</top>
					<height>38</height>
					<width>560</width>
					<align>left</align>
					<aligny>center</aligny>
					<font>breadcrumb</font>
					<textcolor>$INFO[Skin.String(color.500)]</textcolor>
					<shadowcolor>black</shadowcolor>
					<label>$INFO[Player.Title]</label>
					<scroll>true</scroll>
				</control>
				<control type="label">
					<left>20</left>
					<top>530</top>
					<height>38</height>
					<width>560</width>
					<align>left</align>
					<aligny>center</aligny>
					<font>breadcrumb.secondary</font>
					<textcolor>white</textcolor>
					<shadowcolor>black</shadowcolor>
					<label>$INFO[Player.Time] / $INFO[Player.Duration,]</label>
				</control>
			</control>
			<control type="group">
				<visible>VideoPlayer.Content(LiveTV)</visible>
				<control type="label">
					<left>20</left>
					<top>470</top>
					<height>38</height>
					<width>560</width>
					<align>left</align>
					<aligny>center</aligny>
					<font>breadcrumb</font>
					<textcolor>$INFO[Skin.String(color.500)]</textcolor>
					<shadowcolor>black</shadowcolor>
					<label>$INFO[Player.Title]</label>
					<scroll>true</scroll>
				</control>
				<control type="label">
					<left>20</left>
					<top>500</top>
					<height>38</height>
					<width>560</width>
					<align>left</align>
					<aligny>center</aligny>
					<font>breadcrumb.secondary</font>
					<textcolor>white</textcolor>
					<shadowcolor>black</shadowcolor>
					<label>$INFO[VideoPlayer.ChannelName]</label>
					<scroll>true</scroll>
				</control>
				<control type="label">
					<left>20</left>
					<top>530</top>
					<height>38</height>
					<width>560</width>
					<align>left</align>
					<aligny>center</aligny>
					<font>breadcrumb.secondary</font>
					<textcolor>white</textcolor>
					<shadowcolor>black</shadowcolor>
					<label>$INFO[Player.Time] / $INFO[Player.Duration,]</label>
				</control>
			</control>
			<control type="group">
				<visible>VideoPlayer.Content(Movies)</visible>
				<control type="label">
					<left>20</left>
					<top>470</top>
					<height>38</height>
					<width>560</width>
					<align>left</align>
					<aligny>center</aligny>
					<font>breadcrumb</font>
					<textcolor>$INFO[Skin.String(color.500)]</textcolor>
					<shadowcolor>black</shadowcolor>
					<label>$INFO[Player.Title]</label>
					<scroll>true</scroll>
				</control>
				<control type="label">
					<left>20</left>
					<top>500</top>
					<height>38</height>
					<width>560</width>
					<align>left</align>
					<aligny>center</aligny>
					<font>breadcrumb.secondary</font>
					<textcolor>white</textcolor>
					<shadowcolor>black</shadowcolor>
					<label>$INFO[VideoPlayer.Studio]</label>
					<scroll>true</scroll>
				</control>
				<control type="label">
					<left>20</left>
					<top>530</top>
					<height>38</height>
					<width>560</width>
					<align>left</align>
					<aligny>center</aligny>
					<font>breadcrumb.secondary</font>
					<textcolor>white</textcolor>
					<shadowcolor>black</shadowcolor>
					<label>$INFO[Player.Time] / $INFO[Player.Duration,]</label>
				</control>
			</control>
			<control type="group">
				<visible>VideoPlayer.Content(Episodes)</visible>
				<control type="label">
					<left>20</left>
					<top>470</top>
					<height>38</height>
					<width>560</width>
					<align>left</align>
					<aligny>center</aligny>
					<font>breadcrumb</font>
					<textcolor>$INFO[Skin.String(color.500)]</textcolor>
					<shadowcolor>black</shadowcolor>
					<label>$INFO[Player.Title]</label>
					<scroll>true</scroll>
				</control>
				<control type="label">
					<left>20</left>
					<top>500</top>
					<height>38</height>
					<width>560</width>
					<align>left</align>
					<aligny>center</aligny>
					<font>breadcrumb.secondary</font>
					<textcolor>white</textcolor>
					<shadowcolor>black</shadowcolor>
					<label>$INFO[VideoPlayer.TVShowTitle] ($INFO[VideoPlayer.Season,$LOCALIZE[20373] , - ]$INFO[VideoPlayer.episode,$LOCALIZE[20359] ,])</label>
					<scroll>true</scroll>
				</control>
				<control type="label">
					<left>20</left>
					<top>530</top>
					<height>38</height>
					<width>450</width>
					<align>left</align>
					<aligny>center</aligny>
					<font>breadcrumb.secondary</font>
					<textcolor>white</textcolor>
					<shadowcolor>black</shadowcolor>
					<label>$INFO[Player.Time] / $INFO[Player.Duration,]</label>
				</control>
			</control>
		</control>
		<control type="group">
			<left>20</left>
			<width>1880</width>
			<visible>!Window.IsActive(FileBrowser) + !Window.IsActive(SelectDialog)</visible>
			<control type="grouplist" id="9000">
				<top>20</top>
				<width>1880</width>
				<height>60</height>
				<align>left</align>
				<itemgap>10</itemgap>
				<orientation>horizontal</orientation>
				<onleft></onleft>
				<onright></onright>
				<onup>9003</onup>
				<ondown>49</ondown>
				<control type="button" id="8">
					<width>250</width>
					<height>60</height>
					<texturefocus colordiffuse="$INFO[Skin.String(color.500)]">backgrounds/white.png</texturefocus>
					<texturenofocus colordiffuse="button.nf">backgrounds/white.png</texturenofocus>
					<font>label</font>
					<textcolor>white</textcolor>
					<focusedcolor>white</focusedcolor>
					<shadowcolor>black</shadowcolor>
					<align>center</align>
					<label>208</label>
					<onclick></onclick>
					<onup>50</onup>
					<ondown>50</ondown>
					<onleft>998</onleft>
					<onright>11</onright>
				</control>
				<control type="button" id="11">
					<width>250</width>
					<height>60</height>
					<texturefocus colordiffuse="$INFO[Skin.String(color.500)]">backgrounds/white.png</texturefocus>
					<texturenofocus colordiffuse="button.nf">backgrounds/white.png</texturenofocus>
					<font>label</font>
					<textcolor>white</textcolor>
					<focusedcolor>white</focusedcolor>
					<shadowcolor>black</shadowcolor>
					<align>center</align>
					<label>20410</label>
					<onclick></onclick>
					<onup>50</onup>
					<ondown>50</ondown>
					<onleft>8</onleft>
					<onright>6</onright>
				</control>
				<control type="button" id="6">
					<width>250</width>
					<height>60</height>
					<texturefocus colordiffuse="$INFO[Skin.String(color.500)]">backgrounds/white.png</texturefocus>
					<texturenofocus colordiffuse="button.nf">backgrounds/white.png</texturenofocus>
					<font>label</font>
					<textcolor>white</textcolor>
					<focusedcolor>white</focusedcolor>
					<shadowcolor>black</shadowcolor>
					<align>center</align>
					<label>184</label>
					<onclick></onclick>
					<onup>50</onup>
					<ondown>50</ondown>
					<onleft>11</onleft>
					<onright>10</onright>
				</control>
				<control type="button" id="10">
					<width>250</width>
					<height>60</height>
					<texturefocus colordiffuse="$INFO[Skin.String(color.500)]">backgrounds/white.png</texturefocus>
					<texturenofocus colordiffuse="button.nf">backgrounds/white.png</texturenofocus>
					<font>label</font>
					<textcolor>white</textcolor>
					<focusedcolor>white</focusedcolor>
					<shadowcolor>black</shadowcolor>
					<align>center</align>
					<label>13511</label>
					<onclick></onclick>
					<onup>50</onup>
					<ondown>50</ondown>
					<onleft>6</onleft>
					<onright>999</onright>
				</control>
			</control>
			<control type="group">
			<visible>Container.Content(Movies) | Container.Content(Seasons) | Container.Content(TVShows) | Container.Content(Episodes)</visible>
			<control type="group">
				<visible>!Skin.HasSetting(TMDbVideo)</visible>
				<control type="image">
					<visible>!Skin.HasSetting(View50HideLogo)</visible>
					<visible>!Skin.HasSetting(Shadow)</visible>
					<left>2</left>
					<top>102</top>
					<width>600</width>
					<height>232</height>
					<aspectratio>keep</aspectratio>
					<texture colordiffuse="black">$INFO[Window(Home).Property(TMDbHelper.ListItem.clearlogo)]</texture>
					<visible>!String.IsEmpty(Window(Home).Property(TMDbHelper.ListItem.clearlogo))</visible>
				</control>
				<control type="image">
					<visible>!Skin.HasSetting(View50HideLogo)</visible>
					<left>0</left>
					<top>100</top>
					<width>600</width>
					<height>232</height>
					<aspectratio>keep</aspectratio>
					<texture>$INFO[Window(Home).Property(TMDbHelper.ListItem.clearlogo)]</texture>
					<visible>!String.IsEmpty(Window(Home).Property(TMDbHelper.ListItem.clearlogo))</visible>
				</control>
			</control>
			<control type="image"><!--Fallback-->
				<visible>!Skin.HasSetting(View50HideLogo)</visible>
				<visible>!Skin.HasSetting(Shadow)</visible>
				<left>2</left>
				<top>102</top>
				<width>600</width>
				<height>232</height>
				<aspectratio>keep</aspectratio>
				<texture colordiffuse="black">$INFO[ListItem.Art(clearlogo)]</texture>
				<visible>String.IsEmpty(Window(Home).Property(TMDbHelper.ListItem.clearlogo))</visible>
			</control>
			<control type="image"><!--Fallback-->
				<visible>!Skin.HasSetting(View50HideLogo)</visible>
				<left>0</left>
				<top>100</top>
				<width>600</width>
				<height>232</height>
				<aspectratio>keep</aspectratio>
				<texture>$INFO[ListItem.Art(clearlogo)]</texture>
				<visible>String.IsEmpty(Window(Home).Property(TMDbHelper.ListItem.clearlogo))</visible>
			</control>
			<control type="group">
			<visible>Skin.HasSetting(TMDbVideo)</visible>
				<control type="image">
					<visible>!Skin.HasSetting(View50HideLogo)</visible>
					<visible>!Skin.HasSetting(Shadow)</visible>
					<left>2</left>
					<top>102</top>
					<width>600</width>
					<height>232</height>
					<aspectratio>keep</aspectratio>
					<texture colordiffuse="black">$INFO[ListItem.Art(clearlogo)]</texture>
				</control>
				<control type="image">
					<visible>!Skin.HasSetting(View50HideLogo)</visible>
					<left>0</left>
					<top>100</top>
					<width>600</width>
					<height>232</height>
					<aspectratio>keep</aspectratio>
					<texture>$INFO[ListItem.Art(clearlogo)]</texture>
				</control>
			</control>
			<control type="image">
				<visible>!Skin.HasSetting(Shadow)</visible>
				<left>1517</left>
				<top>302</top>
				<width>400</width>
				<height>180</height>
				<aspectratio>keep</aspectratio>
				<texture colordiffuse="black">$INFO[Window(Home).Property(TMDbHelper.ListItem.clearart)]</texture>
				<visible>Container.Content(Movies) | Container.Content(Seasons) | Container.Content(TVShows)</visible>
			</control>
			<control type="image">
				<left>1515</left>
				<top>300</top>
				<width>400</width>
				<height>180</height>
				<aspectratio>keep</aspectratio>
				<texture>$INFO[Window(Home).Property(TMDbHelper.ListItem.clearart)]</texture>
				<visible>Container.Content(Movies) | Container.Content(Seasons) | Container.Content(TVShows)</visible>
			</control>
			<control type="label">
				<visible>!Skin.HasSetting(Shadow)</visible>
				<left>62</left>
				<top>252</top>
				<width>685</width>
				<height>35</height>
				<font>button2</font>
				<align>left</align>
				<aligny>center</aligny>
				<textcolor>black</textcolor>
				<shadowcolor>black</shadowcolor>
				<label>[B]$INFO[ListItem.Title][/B]</label>
				<visible>!Container.Content(Episodes)</visible>
				<visible>!String.IsEmpty(Window(Home).Property(TMDbHelper.ListItem.clearlogo))</visible>
				<visible>String.IsEmpty(ListItem.Art(clearlogo))</visible>
				<scroll>true</scroll>
			</control>
			<control type="label">
				<left>60</left>
				<top>250</top>
				<width>685</width>
				<height>35</height>
				<font>button2</font>
				<align>left</align>
				<aligny>center</aligny>
				<textcolor>$INFO[Skin.String(color.500)]</textcolor>
				<shadowcolor>black</shadowcolor>
				<label>[B]$INFO[ListItem.Title][/B]</label>
				<visible>!Container.Content(Episodes)</visible>
				<visible>!String.IsEmpty(Window(Home).Property(TMDbHelper.ListItem.clearlogo))</visible>
				<visible>String.IsEmpty(ListItem.Art(clearlogo))</visible>
				<scroll>true</scroll>
			</control>
			<control type="image">
				<visible>!Skin.HasSetting(Shadow)</visible>
				<left>2</left>
				<top>342</top>
				<width>35</width>
				<height>35</height>
				<aspectratio>keep</aspectratio>
				<texture colordiffuse="black">icons/calendar.png</texture>
				<visible>!String.IsEmpty(Window(Home).Property(TMDbHelper.ListItem.Premiered))</visible>
			</control>
			<control type="image">
				<left>0</left>
				<top>340</top>
				<width>35</width>
				<height>35</height>
				<aspectratio>keep</aspectratio>
				<texture>icons/calendar.png</texture>
				<visible>!String.IsEmpty(Window(Home).Property(TMDbHelper.ListItem.Premiered))</visible>
			</control>
			<control type="image"><!--Fallback-->
				<visible>!Skin.HasSetting(Shadow)</visible>
				<left>2</left>
				<top>342</top>
				<width>35</width>
				<height>35</height>
				<aspectratio>keep</aspectratio>
				<texture colordiffuse="black">icons/calendar.png</texture>
				<visible>!String.IsEmpty(ListItem.Premiered)</visible>
			</control>
			<control type="image"><!--Fallback-->
				<left>0</left>
				<top>340</top>
				<width>35</width>
				<height>35</height>
				<aspectratio>keep</aspectratio>
				<texture>icons/calendar.png</texture>
				<visible>!String.IsEmpty(ListItem.Premiered)</visible>
			</control>
			<control type="label">
				<visible>!Skin.HasSetting(Shadow)</visible>
				<left>62</left>
				<top>342</top>
				<width>650</width>
				<height>35</height>
				<font>button2</font>
				<align>left</align>
				<aligny>center</aligny>
				<textcolor>black</textcolor>
				<shadowcolor>black</shadowcolor>
				<label>$INFO[Window(Home).Property(TMDbHelper.ListItem.Premiered)]</label>
				<visible>!String.IsEmpty(Window(Home).Property(TMDbHelper.ListItem.Premiered))</visible>
			</control>
			<control type="label">
				<left>60</left>
				<top>340</top>
				<width>650</width>
				<height>35</height>
				<font>button2</font>
				<align>left</align>
				<aligny>center</aligny>
				<textcolor>$INFO[Skin.String(color.500)]</textcolor>
				<shadowcolor>black</shadowcolor>
				<label>$INFO[Window(Home).Property(TMDbHelper.ListItem.Premiered)]</label>
				<visible>!String.IsEmpty(Window(Home).Property(TMDbHelper.ListItem.Premiered))</visible>
			</control>
			<control type="label"><!--Fallback-->
				<left>62</left>
				<top>342</top>
				<width>650</width>
				<height>35</height>
				<font>button2</font>
				<align>left</align>
				<aligny>center</aligny>
				<textcolor>black</textcolor>
				<shadowcolor>black</shadowcolor>
				<label>$INFO[ListItem.Premiered]</label>
				<visible>String.IsEmpty(Window(Home).Property(TMDbHelper.ListItem.Premiered))</visible>
			</control>
			<control type="label"><!--Fallback-->
				<left>60</left>
				<top>340</top>
				<width>650</width>
				<height>35</height>
				<font>button2</font>
				<align>left</align>
				<aligny>center</aligny>
				<textcolor>$INFO[Skin.String(color.500)]</textcolor>
				<shadowcolor>black</shadowcolor>
				<label>$INFO[ListItem.Premiered]</label>
				<visible>String.IsEmpty(Window(Home).Property(TMDbHelper.ListItem.Premiered))</visible>
			</control>
			<control type="image">
				<visible>!Skin.HasSetting(Shadow)</visible>
				<left>2</left>
				<top>392</top>
				<width>35</width>
				<height>35</height>
				<aspectratio>keep</aspectratio>
				<texture colordiffuse="black">icons/clock.png</texture>
				<visible>!String.IsEmpty(Window(Home).Property(TMDbHelper.ListItem.Duration))</visible>
			</control>
			<control type="image">
				<left>0</left>
				<top>390</top>
				<width>35</width>
				<height>35</height>
				<aspectratio>keep</aspectratio>
				<texture>icons/clock.png</texture>
				<visible>!String.IsEmpty(Window(Home).Property(TMDbHelper.ListItem.Duration))</visible>
			</control>
			<control type="image"><!--Fallback-->
				<visible>!Skin.HasSetting(Shadow)</visible>
				<left>2</left>
				<top>392</top>
				<width>35</width>
				<height>35</height>
				<aspectratio>keep</aspectratio>
				<texture colordiffuse="black">icons/clock.png</texture>
				<visible>!String.IsEmpty(ListItem.Duration)</visible>
			</control>
			<control type="image"><!--Fallback-->
				<left>0</left>
				<top>390</top>
				<width>35</width>
				<height>35</height>
				<aspectratio>keep</aspectratio>
				<texture>icons/clock.png</texture>
				<visible>!String.IsEmpty(ListItem.Duration)</visible>
			</control>
			<control type="label">
				<visible>!Skin.HasSetting(Shadow)</visible>
				<left>62</left>
				<top>392</top>
				<width>650</width>
				<height>35</height>
				<font>button2</font>
				<align>left</align>
				<aligny>center</aligny>
				<textcolor>black</textcolor>
				<shadowcolor>black</shadowcolor>
				<label>$INFO[Window(Home).Property(TMDbHelper.ListItem.Duration_HHMM)]</label>
				<visible>!String.IsEmpty(Window(Home).Property(TMDbHelper.ListItem.Duration))</visible>
			</control>
			<control type="label">
				<left>60</left>
				<top>390</top>
				<width>650</width>
				<height>35</height>
				<font>button2</font>
				<align>left</align>
				<aligny>center</aligny>
				<textcolor>$INFO[Skin.String(color.500)]</textcolor>
				<shadowcolor>black</shadowcolor>
				<label>$INFO[Window(Home).Property(TMDbHelper.ListItem.Duration_HHMM)]</label>
				<visible>!String.IsEmpty(Window(Home).Property(TMDbHelper.ListItem.Duration))</visible>
			</control>
			<control type="label"><!--Fallback-->
				<left>62</left>
				<top>392</top>
				<width>650</width>
				<height>35</height>
				<font>button2</font>
				<align>left</align>
				<aligny>center</aligny>
				<textcolor>black</textcolor>
				<shadowcolor>black</shadowcolor>
				<label>$INFO[ListItem.Duration]</label>
				<visible>String.IsEmpty(Window(Home).Property(TMDbHelper.ListItem.Duration))</visible>
			</control>
			<control type="label"><!--Fallback-->
				<left>60</left>
				<top>390</top>
				<width>650</width>
				<height>35</height>
				<font>button2</font>
				<align>left</align>
				<aligny>center</aligny>
				<textcolor>$INFO[Skin.String(color.500)]</textcolor>
				<shadowcolor>black</shadowcolor>
				<label>$INFO[ListItem.Duration]</label>
				<visible>String.IsEmpty(Window(Home).Property(TMDbHelper.ListItem.Duration))</visible>
			</control>
			<control type="image">
				<visible>!Skin.HasSetting(Shadow)</visible>
				<left>2</left>
				<top>442</top>
				<width>35</width>
				<height>35</height>
				<aspectratio>keep</aspectratio>
				<texture colordiffuse="black">icons/genre.png</texture>
				<visible>!String.IsEmpty(Window(Home).Property(TMDbHelper.ListItem.Genre))</visible>
			</control>
			<control type="image">
				<left>0</left>
				<top>440</top>
				<width>35</width>
				<height>35</height>
				<aspectratio>keep</aspectratio>
				<texture>icons/genre.png</texture>
				<visible>!String.IsEmpty(Window(Home).Property(TMDbHelper.ListItem.Genre))</visible>
			</control>
			<control type="image"><!--Fallback-->
				<visible>!Skin.HasSetting(Shadow)</visible>
				<left>2</left>
				<top>442</top>
				<width>35</width>
				<height>35</height>
				<aspectratio>keep</aspectratio>
				<texture colordiffuse="black">icons/genre.png</texture>
				<visible>!String.IsEmpty(ListItem.Genre)</visible>
			</control>
			<control type="image"><!--Fallback-->
				<left>0</left>
				<top>440</top>
				<width>35</width>
				<height>35</height>
				<aspectratio>keep</aspectratio>
				<texture>icons/genre.png</texture>
				<visible>!String.IsEmpty(ListItem.Genre)</visible>
			</control>
			<control type="label">
				<visible>!Skin.HasSetting(Shadow)</visible>
				<left>62</left>
				<top>442</top>
				<width>685</width>
				<height>35</height>
				<font>button2</font>
				<align>left</align>
				<aligny>center</aligny>
				<textcolor>black</textcolor>
				<shadowcolor>black</shadowcolor>
				<label>$INFO[Window(Home).Property(TMDbHelper.ListItem.Genre)]</label>
				<visible>!String.IsEmpty(Window(Home).Property(TMDbHelper.ListItem.Genre))</visible>
				<scroll>true</scroll>
			</control>
			<control type="label">
				<left>60</left>
				<top>440</top>
				<width>685</width>
				<height>35</height>
				<font>button2</font>
				<align>left</align>
				<aligny>center</aligny>
				<textcolor>$INFO[Skin.String(color.500)]</textcolor>
				<shadowcolor>black</shadowcolor>
				<label>$INFO[Window(Home).Property(TMDbHelper.ListItem.Genre)]</label>
				<visible>!String.IsEmpty(Window(Home).Property(TMDbHelper.ListItem.Genre))</visible>
				<scroll>true</scroll>
			</control>
			<control type="label"><!--Fallback-->
				<visible>!Skin.HasSetting(Shadow)</visible>
				<left>62</left>
				<top>442</top>
				<width>685</width>
				<height>35</height>
				<font>button2</font>
				<align>left</align>
				<aligny>center</aligny>
				<textcolor>black</textcolor>
				<shadowcolor>black</shadowcolor>
				<label>$INFO[ListItem.Genre]</label>
				<visible>String.IsEmpty(Window(Home).Property(TMDbHelper.ListItem.Genre))</visible>
				<scroll>true</scroll>
			</control>
			<control type="label"><!--Fallback-->
				<left>60</left>
				<top>440</top>
				<width>685</width>
				<height>35</height>
				<font>button2</font>
				<align>left</align>
				<aligny>center</aligny>
				<textcolor>$INFO[Skin.String(color.500)]</textcolor>
				<shadowcolor>black</shadowcolor>
				<label>$INFO[ListItem.Genre]</label>
				<visible>String.IsEmpty(Window(Home).Property(TMDbHelper.ListItem.Genre))</visible>
				<scroll>true</scroll>
			</control>
			<control type="image">
				<visible>!Skin.HasSetting(Shadow)</visible>
				<left>2</left>
				<top>492</top>
				<width>35</width>
				<height>35</height>
				<aspectratio>keep</aspectratio>
				<texture colordiffuse="black">icons/studio.png</texture>
				<visible>!String.IsEmpty(Window(Home).Property(TMDbHelper.ListItem.Studio))</visible>
			</control>
			<control type="image">
				<left>0</left>
				<top>490</top>
				<width>35</width>
				<height>35</height>
				<aspectratio>keep</aspectratio>
				<texture>icons/studio.png</texture>
				<visible>!String.IsEmpty(Window(Home).Property(TMDbHelper.ListItem.Studio))</visible>
			</control>
			<control type="image"><!--Fallback-->
				<visible>!Skin.HasSetting(Shadow)</visible>
				<left>2</left>
				<top>492</top>
				<width>35</width>
				<height>35</height>
				<aspectratio>keep</aspectratio>
				<texture colordiffuse="black">icons/studio.png</texture>
				<visible>!String.IsEmpty(ListItem.Studio)</visible>
			</control>
			<control type="image"><!--Fallback-->
				<left>0</left>
				<top>490</top>
				<width>35</width>
				<height>35</height>
				<aspectratio>keep</aspectratio>
				<texture>icons/studio.png</texture>
				<visible>!String.IsEmpty(ListItem.Studio)</visible>
			</control>
			<control type="label">
				<visible>!Skin.HasSetting(Shadow)</visible>
				<left>62</left>
				<top>492</top>
				<width>685</width>
				<height>35</height>
				<font>button2</font>
				<align>left</align>
				<aligny>center</aligny>
				<textcolor>black</textcolor>
				<shadowcolor>black</shadowcolor>
				<label>$INFO[Window(Home).Property(TMDbHelper.ListItem.Studio)]</label>
				<visible>!String.IsEmpty(Window(Home).Property(TMDbHelper.ListItem.Studio))</visible>
				<scroll>true</scroll>
			</control>
			<control type="label">
				<left>60</left>
				<top>490</top>
				<width>685</width>
				<height>35</height>
				<font>button2</font>
				<align>left</align>
				<aligny>center</aligny>
				<textcolor>$INFO[Skin.String(color.500)]</textcolor>
				<shadowcolor>black</shadowcolor>
				<label>$INFO[Window(Home).Property(TMDbHelper.ListItem.Studio)]</label>
				<visible>!String.IsEmpty(Window(Home).Property(TMDbHelper.ListItem.Studio))</visible>
				<scroll>true</scroll>
			</control>
			<control type="label"><!--Fallback-->
				<visible>!Skin.HasSetting(Shadow)</visible>
				<left>62</left>
				<top>492</top>
				<width>685</width>
				<height>35</height>
				<font>button2</font>
				<align>left</align>
				<aligny>center</aligny>
				<textcolor>black</textcolor>
				<shadowcolor>black</shadowcolor>
				<label>$INFO[ListItem.Studio]</label>
				<visible>String.IsEmpty(Window(Home).Property(TMDbHelper.ListItem.Studio))</visible>
				<scroll>true</scroll>
			</control>
			<control type="label"><!--Fallback-->
				<left>60</left>
				<top>490</top>
				<width>685</width>
				<height>35</height>
				<font>button2</font>
				<align>left</align>
				<aligny>center</aligny>
				<textcolor>$INFO[Skin.String(color.500)]</textcolor>
				<shadowcolor>black</shadowcolor>
				<label>$INFO[ListItem.Studio]</label>
				<visible>String.IsEmpty(Window(Home).Property(TMDbHelper.ListItem.Studio))</visible>
				<scroll>true</scroll>
			</control>
			<control type="image">
				<visible>!Skin.HasSetting(Shadow)</visible>
				<left>2</left>
				<top>542</top>
				<width>35</width>
				<height>35</height>
				<aspectratio>keep</aspectratio>
				<texture colordiffuse="black">icons/regisseur.png</texture>
				<visible>!String.IsEmpty(Window(Home).Property(TMDbHelper.ListItem.Director))</visible>
			</control>
			<control type="image">
				<left>0</left>
				<top>540</top>
				<width>35</width>
				<height>35</height>
				<aspectratio>keep</aspectratio>
				<texture>icons/regisseur.png</texture>
				<visible>!String.IsEmpty(Window(Home).Property(TMDbHelper.ListItem.Director))</visible>
			</control>
			<control type="image"><!--Fallback-->
				<visible>!Skin.HasSetting(Shadow)</visible>
				<left>2</left>
				<top>542</top>
				<width>35</width>
				<height>35</height>
				<aspectratio>keep</aspectratio>
				<texture colordiffuse="black">icons/regisseur.png</texture>
				<visible>!String.IsEmpty(ListItem.Director)</visible>
			</control>
			<control type="image"><!--Fallback-->
				<left>0</left>
				<top>540</top>
				<width>35</width>
				<height>35</height>
				<aspectratio>keep</aspectratio>
				<texture>icons/regisseur.png</texture>
				<visible>!String.IsEmpty(ListItem.Director)</visible>
			</control>
			<control type="label">
				<visible>!Skin.HasSetting(Shadow)</visible>
				<left>62</left>
				<top>542</top>
				<width>685</width>
				<height>35</height>
				<font>button2</font>
				<align>left</align>
				<aligny>center</aligny>
				<textcolor>black</textcolor>
				<shadowcolor>black</shadowcolor>
				<label>$INFO[Window(Home).Property(TMDbHelper.ListItem.Director)]</label>
				<visible>!String.IsEmpty(Window(Home).Property(TMDbHelper.ListItem.Director))</visible>
				<scroll>true</scroll>
			</control>
			<control type="label">
				<left>60</left>
				<top>540</top>
				<width>685</width>
				<height>35</height>
				<font>button2</font>
				<align>left</align>
				<aligny>center</aligny>
				<textcolor>$INFO[Skin.String(color.500)]</textcolor>
				<shadowcolor>black</shadowcolor>
				<label>$INFO[Window(Home).Property(TMDbHelper.ListItem.Director)]</label>
				<visible>!String.IsEmpty(Window(Home).Property(TMDbHelper.ListItem.Director))</visible>
				<scroll>true</scroll>
			</control>
			<control type="label"><!--Fallback-->
				<left>62</left>
				<top>542</top>
				<width>685</width>
				<height>35</height>
				<font>button2</font>
				<align>left</align>
				<aligny>center</aligny>
				<textcolor>black</textcolor>
				<shadowcolor>black</shadowcolor>
				<label>$INFO[ListItem.Director]</label>
				<visible>String.IsEmpty(Window(Home).Property(TMDbHelper.ListItem.Director))</visible>
				<scroll>true</scroll>
			</control>
			<control type="label"><!--Fallback-->
				<left>60</left>
				<top>540</top>
				<width>685</width>
				<height>35</height>
				<font>button2</font>
				<align>left</align>
				<aligny>center</aligny>
				<textcolor>$INFO[Skin.String(color.500)]</textcolor>
				<shadowcolor>black</shadowcolor>
				<label>$INFO[ListItem.Director]</label>
				<visible>String.IsEmpty(Window(Home).Property(TMDbHelper.ListItem.Director))</visible>
				<scroll>true</scroll>
			</control>
			<control type="image">
				<visible>!Skin.HasSetting(Shadow)</visible>
				<left>2</left>
				<top>592</top>
				<width>35</width>
				<height>35</height>
				<aspectratio>keep</aspectratio>
				<texture colordiffuse="black">icons/writer.png</texture>
				<visible>!String.IsEmpty(Window(Home).Property(TMDbHelper.ListItem.Writer))</visible>
			</control>
			<control type="image">
				<left>0</left>
				<top>590</top>
				<width>35</width>
				<height>35</height>
				<aspectratio>keep</aspectratio>
				<texture>icons/writer.png</texture>
				<visible>!String.IsEmpty(Window(Home).Property(TMDbHelper.ListItem.Writer))</visible>
			</control>
			<control type="image"><!--Fallback-->
				<visible>!Skin.HasSetting(Shadow)</visible>
				<left>2</left>
				<top>592</top>
				<width>35</width>
				<height>35</height>
				<aspectratio>keep</aspectratio>
				<texture colordiffuse="black">icons/writer.png</texture>
				<visible>!String.IsEmpty(ListItem.Writer)</visible>
			</control>
			<control type="image"><!--Fallback-->
				<left>0</left>
				<top>590</top>
				<width>35</width>
				<height>35</height>
				<aspectratio>keep</aspectratio>
				<texture>icons/writer.png</texture>
				<visible>!String.IsEmpty(ListItem.Writer)</visible>
			</control>
			<control type="label">
				<visible>!Skin.HasSetting(Shadow)</visible>
				<left>62</left>
				<top>592</top>
				<width>685</width>
				<height>35</height>
				<font>button2</font>
				<align>left</align>
				<aligny>center</aligny>
				<textcolor>black</textcolor>
				<shadowcolor>black</shadowcolor>
				<label>$INFO[Window(Home).Property(TMDbHelper.ListItem.Writer)]</label>
				<visible>!String.IsEmpty(Window(Home).Property(TMDbHelper.ListItem.Writer))</visible>
				<scroll>true</scroll>
			</control>
			<control type="label">
				<left>60</left>
				<top>590</top>
				<width>685</width>
				<height>35</height>
				<font>button2</font>
				<align>left</align>
				<aligny>center</aligny>
				<textcolor>$INFO[Skin.String(color.500)]</textcolor>
				<shadowcolor>black</shadowcolor>
				<label>$INFO[Window(Home).Property(TMDbHelper.ListItem.Writer)]</label>
				<visible>!String.IsEmpty(Window(Home).Property(TMDbHelper.ListItem.Writer))</visible>
				<scroll>true</scroll>
			</control>
			<control type="label"><!--Fallback-->
				<left>62</left>
				<top>592</top>
				<width>685</width>
				<height>35</height>
				<font>button2</font>
				<align>left</align>
				<aligny>center</aligny>
				<textcolor>black</textcolor>
				<shadowcolor>black</shadowcolor>
				<label>$INFO[ListItem.Writer]</label>
				<visible>String.IsEmpty(Window(Home).Property(TMDbHelper.ListItem.Writer))</visible>
				<scroll>true</scroll>
			</control>
			<control type="label"><!--Fallback-->
				<left>60</left>
				<top>590</top>
				<width>685</width>
				<height>35</height>
				<font>button2</font>
				<align>left</align>
				<aligny>center</aligny>
				<textcolor>$INFO[Skin.String(color.500)]</textcolor>
				<shadowcolor>black</shadowcolor>
				<label>$INFO[ListItem.Writer]</label>
				<visible>String.IsEmpty(Window(Home).Property(TMDbHelper.ListItem.Writer))</visible>
				<scroll>true</scroll>
			</control>
			<control type="image">
				<visible>!Skin.HasSetting(Shadow)</visible>
				<left>2</left>
				<top>642</top>
				<width>35</width>
				<height>35</height>
				<aspectratio>keep</aspectratio>
				<texture colordiffuse="black">icons/country.png</texture>
				<visible>!String.IsEmpty(Window(Home).Property(TMDbHelper.ListItem.Country))</visible>
			</control>
			<control type="image">
				<left>0</left>
				<top>640</top>
				<width>35</width>
				<height>35</height>
				<aspectratio>keep</aspectratio>
				<texture>icons/country.png</texture>
				<visible>!String.IsEmpty(Window(Home).Property(TMDbHelper.ListItem.Country))</visible>
			</control>
			<control type="image"><!--Fallback-->
				<visible>!Skin.HasSetting(Shadow)</visible>
				<left>2</left>
				<top>642</top>
				<width>35</width>
				<height>35</height>
				<aspectratio>keep</aspectratio>
				<texture colordiffuse="black">icons/country.png</texture>
				<visible>!String.IsEmpty(ListItem.Country)</visible>
			</control>
			<control type="image"><!--Fallback-->
				<left>0</left>
				<top>640</top>
				<width>35</width>
				<height>35</height>
				<aspectratio>keep</aspectratio>
				<texture>icons/country.png</texture>
				<visible>!String.IsEmpty(ListItem.Country)</visible>
			</control>
			<control type="label">
				<visible>!Skin.HasSetting(Shadow)</visible>
				<left>62</left>
				<top>642</top>
				<width>685</width>
				<height>35</height>
				<font>button2</font>
				<align>left</align>
				<aligny>center</aligny>
				<textcolor>black</textcolor>
				<shadowcolor>black</shadowcolor>
				<label>$INFO[Window(Home).Property(TMDbHelper.ListItem.Country)]</label>
				<visible>!String.IsEmpty(Window(Home).Property(TMDbHelper.ListItem.Country))</visible>
				<scroll>true</scroll>
			</control>
			<control type="label">
				<left>60</left>
				<top>640</top>
				<width>685</width>
				<height>35</height>
				<font>button2</font>
				<align>left</align>
				<aligny>center</aligny>
				<textcolor>$INFO[Skin.String(color.500)]</textcolor>
				<shadowcolor>black</shadowcolor>
				<label>$INFO[Window(Home).Property(TMDbHelper.ListItem.Country)]</label>
				<visible>!String.IsEmpty(Window(Home).Property(TMDbHelper.ListItem.Country))</visible>
				<scroll>true</scroll>
			</control>
			<control type="label"><!--Fallback-->
				<left>62</left>
				<top>642</top>
				<width>685</width>
				<height>35</height>
				<font>button2</font>
				<align>left</align>
				<aligny>center</aligny>
				<textcolor>black</textcolor>
				<shadowcolor>black</shadowcolor>
				<label>$INFO[ListItem.Country]</label>
				<visible>String.IsEmpty(Window(Home).Property(TMDbHelper.ListItem.Country))</visible>
				<scroll>true</scroll>
			</control>
			<control type="label"><!--Fallback-->
				<left>60</left>
				<top>640</top>
				<width>685</width>
				<height>35</height>
				<font>button2</font>
				<align>left</align>
				<aligny>center</aligny>
				<textcolor>$INFO[Skin.String(color.500)]</textcolor>
				<shadowcolor>black</shadowcolor>
				<label>$INFO[ListItem.Country]</label>
				<visible>String.IsEmpty(Window(Home).Property(TMDbHelper.ListItem.Country))</visible>
				<scroll>true</scroll>
			</control>
			<control type="image">
				<visible>!Skin.HasSetting(Shadow)</visible>
				<left>2</left>
				<top>692</top>
				<width>35</width>
				<height>35</height>
				<aspectratio>keep</aspectratio>
				<texture colordiffuse="black">icons/budget.png</texture>
				<visible>!String.IsEmpty(Window(Home).Property(TMDbHelper.ListItem.Budget))</visible>
			</control>
			<control type="image">
				<left>0</left>
				<top>690</top>
				<width>35</width>
				<height>35</height>
				<aspectratio>keep</aspectratio>
				<texture>icons/budget.png</texture>
				<visible>!String.IsEmpty(Window(Home).Property(TMDbHelper.ListItem.Budget))</visible>
			</control>
			<control type="label">
				<visible>!Skin.HasSetting(Shadow)</visible>
				<left>62</left>
				<top>692</top>
				<width>685</width>
				<height>35</height>
				<font>button2</font>
				<align>left</align>
				<aligny>center</aligny>
				<textcolor>black</textcolor>
				<shadowcolor>black</shadowcolor>
				<label>$INFO[Window(Home).Property(TMDbHelper.ListItem.Budget)]</label>
				<visible>!String.IsEmpty(Window(Home).Property(TMDbHelper.ListItem.Budget))</visible>
				<scroll>true</scroll>
			</control>
			<control type="label">
				<left>60</left>
				<top>690</top>
				<width>685</width>
				<height>35</height>
				<font>button2</font>
				<align>left</align>
				<aligny>center</aligny>
				<textcolor>$INFO[Skin.String(color.500)]</textcolor>
				<shadowcolor>black</shadowcolor>
				<label>$INFO[Window(Home).Property(TMDbHelper.ListItem.Budget)]</label>
				<visible>!String.IsEmpty(Window(Home).Property(TMDbHelper.ListItem.Budget))</visible>
				<scroll>true</scroll>
			</control>
			<control type="label">
				<visible>!Skin.HasSetting(Shadow)</visible>
				<left>792</left>
				<top>252</top>
				<width>520</width>
				<height>35</height>
				<font>button2</font>
				<align>left</align>
				<aligny>center</aligny>
				<textcolor>black</textcolor>
				<shadowcolor>black</shadowcolor>
				<label>$INFO[ListItem.Title]</label>
				<visible>Container.Content(Episodes)</visible>
				<scroll>true</scroll>
			</control>
			<control type="label">
				<left>790</left>
				<top>250</top>
				<width>520</width>
				<height>35</height>
				<font>button2</font>
				<align>left</align>
				<aligny>center</aligny>
				<textcolor>$INFO[Skin.String(color.500)]</textcolor>
				<shadowcolor>black</shadowcolor>
				<label>$INFO[ListItem.Title]</label>
				<visible>Container.Content(Episodes)</visible>
				<scroll>true</scroll>
			</control>
			</control>
			<control type="group">
			<visible>Container.Content(Sets)</visible>
				<control type="image">
					<visible>!Skin.HasSetting(View50HideLogo)</visible>
					<visible>!Skin.HasSetting(Shadow)</visible>
					<left>2</left>
					<top>102</top>
					<width>600</width>
					<height>232</height>
					<aspectratio>keep</aspectratio>
					<texture colordiffuse="black">$INFO[ListItem.Art(clearlogo)]</texture>
				</control>
				<control type="image">
					<visible>!Skin.HasSetting(View50HideLogo)</visible>
					<left>0</left>
					<top>100</top>
					<width>600</width>
					<height>232</height>
					<aspectratio>keep</aspectratio>
					<texture>$INFO[ListItem.Art(clearlogo)]</texture>
				</control>
				<control type="label">
					<visible>!Skin.HasSetting(Shadow)</visible>
					<left>62</left>
					<top>252</top>
					<width>685</width>
					<height>35</height>
					<font>button2</font>
					<align>left</align>
					<aligny>center</aligny>
					<textcolor>black</textcolor>
					<shadowcolor>black</shadowcolor>
					<label>[B]$INFO[ListItem.Title][/B]</label>
					<visible>String.IsEmpty(ListItem.Art(clearlogo))</visible>
					<scroll>true</scroll>
				</control>
				<control type="label">
					<left>60</left>
					<top>250</top>
					<width>685</width>
					<height>35</height>
					<font>button2</font>
					<align>left</align>
					<aligny>center</aligny>
					<textcolor>$INFO[Skin.String(color.500)]</textcolor>
					<shadowcolor>black</shadowcolor>
					<label>[B]$INFO[ListItem.Title][/B]</label>
					<visible>String.IsEmpty(ListItem.Art(clearlogo))</visible>
					<scroll>true</scroll>
				</control>
				<control type="image">
					<visible>!Skin.HasSetting(Shadow)</visible>
					<left>2</left>
					<top>342</top>
					<width>35</width>
					<height>35</height>
					<aspectratio>keep</aspectratio>
					<texture colordiffuse="black">icons/movie.png</texture>
					<visible>!String.IsEmpty(Window(Home).Property(TMDbHelper.ListItem.Set.1.Title))</visible>
				</control>
				<control type="image">
					<left>0</left>
					<top>340</top>
					<width>35</width>
					<height>35</height>
					<aspectratio>keep</aspectratio>
					<texture>icons/movie.png</texture>
					<visible>!String.IsEmpty(Window(Home).Property(TMDbHelper.ListItem.Set.1.Title))</visible>
				</control>
				<control type="label">
					<visible>!Skin.HasSetting(Shadow)</visible>
					<left>62</left>
					<top>342</top>
					<width>685</width>
					<height>35</height>
					<font>button2</font>
					<align>left</align>
					<aligny>center</aligny>
					<textcolor>black</textcolor>
					<shadowcolor>black</shadowcolor>
					<label>$INFO[Window(Home).Property(TMDbHelper.ListItem.Set.1.Year)]  $INFO[Window(Home).Property(TMDbHelper.ListItem.Set.1.Title)]</label>
					<scroll>true</scroll>
				</control>
				<control type="label">
					<left>60</left>
					<top>340</top>
					<width>685</width>
					<height>35</height>
					<font>button2</font>
					<align>left</align>
					<aligny>center</aligny>
					<textcolor>$INFO[Skin.String(color.500)]</textcolor>
					<shadowcolor>black</shadowcolor>
					<label>[COLORwhite]$INFO[Window(Home).Property(TMDbHelper.ListItem.Set.1.Year)][/COLOR]  $INFO[Window(Home).Property(TMDbHelper.ListItem.Set.1.Title)]</label>
					<scroll>true</scroll>
				</control>
				<control type="image">
					<visible>!Skin.HasSetting(Shadow)</visible>
					<left>2</left>
					<top>392</top>
					<width>35</width>
					<height>35</height>
					<aspectratio>keep</aspectratio>
					<texture colordiffuse="black">icons/movie.png</texture>
					<visible>!String.IsEmpty(Window(Home).Property(TMDbHelper.ListItem.Set.2.Title))</visible>
				</control>
				<control type="image">
					<left>0</left>
					<top>390</top>
					<width>35</width>
					<height>35</height>
					<aspectratio>keep</aspectratio>
					<texture>icons/movie.png</texture>
					<visible>!String.IsEmpty(Window(Home).Property(TMDbHelper.ListItem.Set.2.Title))</visible>
				</control>
				<control type="label">
					<visible>!Skin.HasSetting(Shadow)</visible>
					<left>62</left>
					<top>392</top>
					<width>685</width>
					<height>35</height>
					<font>button2</font>
					<align>left</align>
					<aligny>center</aligny>
					<textcolor>black</textcolor>
					<shadowcolor>black</shadowcolor>
					<label>$INFO[Window(Home).Property(TMDbHelper.ListItem.Set.2.Year)]  $INFO[Window(Home).Property(TMDbHelper.ListItem.Set.2.Title)]</label>
					<scroll>true</scroll>
				</control>
				<control type="label">
					<left>60</left>
					<top>390</top>
					<width>685</width>
					<height>35</height>
					<font>button2</font>
					<align>left</align>
					<aligny>center</aligny>
					<textcolor>$INFO[Skin.String(color.500)]</textcolor>
					<shadowcolor>black</shadowcolor>
					<label>[COLORwhite]$INFO[Window(Home).Property(TMDbHelper.ListItem.Set.2.Year)][/COLOR]  $INFO[Window(Home).Property(TMDbHelper.ListItem.Set.2.Title)]</label>
					<scroll>true</scroll>
				</control>
				<control type="image">
					<visible>!Skin.HasSetting(Shadow)</visible>
					<left>2</left>
					<top>442</top>
					<width>35</width>
					<height>35</height>
					<aspectratio>keep</aspectratio>
					<texture colordiffuse="black">icons/movie.png</texture>
					<visible>!String.IsEmpty(Window(Home).Property(TMDbHelper.ListItem.Set.3.Title))</visible>
				</control>
				<control type="image">
					<left>0</left>
					<top>440</top>
					<width>35</width>
					<height>35</height>
					<aspectratio>keep</aspectratio>
					<texture>icons/movie.png</texture>
					<visible>!String.IsEmpty(Window(Home).Property(TMDbHelper.ListItem.Set.3.Title))</visible>
				</control>
				<control type="label">
					<visible>!Skin.HasSetting(Shadow)</visible>
					<left>62</left>
					<top>442</top>
					<width>685</width>
					<height>35</height>
					<font>button2</font>
					<align>left</align>
					<aligny>center</aligny>
					<textcolor>black</textcolor>
					<shadowcolor>black</shadowcolor>
					<label>$INFO[Window(Home).Property(TMDbHelper.ListItem.Set.3.Year)]  $INFO[Window(Home).Property(TMDbHelper.ListItem.Set.3.Title)]</label>
					<scroll>true</scroll>
				</control>
				<control type="label">
					<left>60</left>
					<top>440</top>
					<width>685</width>
					<height>35</height>
					<font>button2</font>
					<align>left</align>
					<aligny>center</aligny>
					<textcolor>$INFO[Skin.String(color.500)]</textcolor>
					<shadowcolor>black</shadowcolor>
					<label>[COLORwhite]$INFO[Window(Home).Property(TMDbHelper.ListItem.Set.3.Year)][/COLOR]  $INFO[Window(Home).Property(TMDbHelper.ListItem.Set.3.Title)]</label>
					<scroll>true</scroll>
				</control>
				<control type="image">
					<visible>!Skin.HasSetting(Shadow)</visible>
					<left>2</left>
					<top>492</top>
					<width>35</width>
					<height>35</height>
					<aspectratio>keep</aspectratio>
					<texture colordiffuse="black">icons/movie.png</texture>
					<visible>!String.IsEmpty(Window(Home).Property(TMDbHelper.ListItem.Set.4.Title))</visible>
				</control>
				<control type="image">
					<left>0</left>
					<top>490</top>
					<width>35</width>
					<height>35</height>
					<aspectratio>keep</aspectratio>
					<texture>icons/movie.png</texture>
					<visible>!String.IsEmpty(Window(Home).Property(TMDbHelper.ListItem.Set.4.Title))</visible>
				</control>
				<control type="label">
					<visible>!Skin.HasSetting(Shadow)</visible>
					<left>62</left>
					<top>492</top>
					<width>685</width>
					<height>35</height>
					<font>button2</font>
					<align>left</align>
					<aligny>center</aligny>
					<textcolor>black</textcolor>
					<shadowcolor>black</shadowcolor>
					<label>$INFO[Window(Home).Property(TMDbHelper.ListItem.Set.4.Year)]  $INFO[Window(Home).Property(TMDbHelper.ListItem.Set.4.Title)]</label>
					<scroll>true</scroll>
				</control>
				<control type="label">
					<left>60</left>
					<top>490</top>
					<width>685</width>
					<height>35</height>
					<font>button2</font>
					<align>left</align>
					<aligny>center</aligny>
					<textcolor>$INFO[Skin.String(color.500)]</textcolor>
					<shadowcolor>black</shadowcolor>
					<label>[COLORwhite]$INFO[Window(Home).Property(TMDbHelper.ListItem.Set.4.Year)][/COLOR]  $INFO[Window(Home).Property(TMDbHelper.ListItem.Set.4.Title)]</label>
					<scroll>true</scroll>
				</control>
				<control type="image">
					<visible>!Skin.HasSetting(Shadow)</visible>
					<left>2</left>
					<top>542</top>
					<width>35</width>
					<height>35</height>
					<aspectratio>keep</aspectratio>
					<texture colordiffuse="black">icons/movie.png</texture>
					<visible>!String.IsEmpty(Window(Home).Property(TMDbHelper.ListItem.Set.5.Title))</visible>
				</control>
				<control type="image">
					<left>0</left>
					<top>540</top>
					<width>35</width>
					<height>35</height>
					<aspectratio>keep</aspectratio>
					<texture>icons/movie.png</texture>
					<visible>!String.IsEmpty(Window(Home).Property(TMDbHelper.ListItem.Set.5.Title))</visible>
				</control>
				<control type="label">
					<visible>!Skin.HasSetting(Shadow)</visible>
					<left>62</left>
					<top>542</top>
					<width>685</width>
					<height>35</height>
					<font>button2</font>
					<align>left</align>
					<aligny>center</aligny>
					<textcolor>black</textcolor>
					<shadowcolor>black</shadowcolor>
					<label>$INFO[Window(Home).Property(TMDbHelper.ListItem.Set.5.Year)]  $INFO[Window(Home).Property(TMDbHelper.ListItem.Set.5.Title)]</label>
					<scroll>true</scroll>
				</control>
				<control type="label">
					<left>60</left>
					<top>540</top>
					<width>685</width>
					<height>35</height>
					<font>button2</font>
					<align>left</align>
					<aligny>center</aligny>
					<textcolor>$INFO[Skin.String(color.500)]</textcolor>
					<shadowcolor>black</shadowcolor>
					<label>[COLORwhite]$INFO[Window(Home).Property(TMDbHelper.ListItem.Set.5.Year)][/COLOR]  $INFO[Window(Home).Property(TMDbHelper.ListItem.Set.5.Title)]</label>
					<scroll>true</scroll>
				</control>
				<control type="image">
					<visible>!Skin.HasSetting(Shadow)</visible>
					<left>2</left>
					<top>592</top>
					<width>35</width>
					<height>35</height>
					<aspectratio>keep</aspectratio>
					<texture colordiffuse="black">icons/movie.png</texture>
					<visible>!String.IsEmpty(Window(Home).Property(TMDbHelper.ListItem.Set.6.Title))</visible>
				</control>
				<control type="image">
					<left>0</left>
					<top>590</top>
					<width>35</width>
					<height>35</height>
					<aspectratio>keep</aspectratio>
					<texture>icons/movie.png</texture>
					<visible>!String.IsEmpty(Window(Home).Property(TMDbHelper.ListItem.Set.6.Title))</visible>
				</control>
				<control type="label">
					<visible>!Skin.HasSetting(Shadow)</visible>
					<left>62</left>
					<top>592</top>
					<width>685</width>
					<height>35</height>
					<font>button2</font>
					<align>left</align>
					<aligny>center</aligny>
					<textcolor>black</textcolor>
					<shadowcolor>black</shadowcolor>
					<label>$INFO[Window(Home).Property(TMDbHelper.ListItem.Set.6.Year)]  $INFO[Window(Home).Property(TMDbHelper.ListItem.Set.6.Title)]</label>
					<scroll>true</scroll>
				</control>
				<control type="label">
					<left>60</left>
					<top>590</top>
					<width>685</width>
					<height>35</height>
					<font>button2</font>
					<align>left</align>
					<aligny>center</aligny>
					<textcolor>$INFO[Skin.String(color.500)]</textcolor>
					<shadowcolor>black</shadowcolor>
					<label>[COLORwhite]$INFO[Window(Home).Property(TMDbHelper.ListItem.Set.6.Year)][/COLOR]  $INFO[Window(Home).Property(TMDbHelper.ListItem.Set.6.Title)]</label>
					<scroll>true</scroll>
				</control>
				<control type="image">
					<visible>!Skin.HasSetting(Shadow)</visible>
					<left>2</left>
					<top>642</top>
					<width>35</width>
					<height>35</height>
					<aspectratio>keep</aspectratio>
					<texture colordiffuse="black">icons/movie.png</texture>
					<visible>!String.IsEmpty(Window(Home).Property(TMDbHelper.ListItem.Set.7.Title))</visible>
				</control>
				<control type="image">
					<left>0</left>
					<top>640</top>
					<width>35</width>
					<height>35</height>
					<aspectratio>keep</aspectratio>
					<texture>icons/movie.png</texture>
					<visible>!String.IsEmpty(Window(Home).Property(TMDbHelper.ListItem.Set.7.Title))</visible>
				</control>
				<control type="label">
					<visible>!Skin.HasSetting(Shadow)</visible>
					<left>62</left>
					<top>642</top>
					<width>685</width>
					<height>35</height>
					<font>button2</font>
					<align>left</align>
					<aligny>center</aligny>
					<textcolor>black</textcolor>
					<shadowcolor>black</shadowcolor>
					<label>$INFO[Window(Home).Property(TMDbHelper.ListItem.Set.7.Year)]  $INFO[Window(Home).Property(TMDbHelper.ListItem.Set.7.Title)]</label>
					<scroll>true</scroll>
				</control>
				<control type="label">
					<left>60</left>
					<top>640</top>
					<width>685</width>
					<height>35</height>
					<font>button2</font>
					<align>left</align>
					<aligny>center</aligny>
					<textcolor>$INFO[Skin.String(color.500)]</textcolor>
					<shadowcolor>black</shadowcolor>
					<label>[COLORwhite]$INFO[Window(Home).Property(TMDbHelper.ListItem.Set.7.Year)][/COLOR]  $INFO[Window(Home).Property(TMDbHelper.ListItem.Set.7.Title)]</label>
					<scroll>true</scroll>
				</control>
				<control type="image">
					<visible>!Skin.HasSetting(Shadow)</visible>
					<left>2</left>
					<top>692</top>
					<width>35</width>
					<height>35</height>
					<aspectratio>keep</aspectratio>
					<texture colordiffuse="black">icons/movie.png</texture>
					<visible>!String.IsEmpty(Window(Home).Property(TMDbHelper.ListItem.Set.8.Title))</visible>
				</control>
				<control type="image">
					<left>0</left>
					<top>690</top>
					<width>35</width>
					<height>35</height>
					<aspectratio>keep</aspectratio>
					<texture>icons/movie.png</texture>
					<visible>!String.IsEmpty(Window(Home).Property(TMDbHelper.ListItem.Set.8.Title))</visible>
				</control>
				<control type="label">
					<visible>!Skin.HasSetting(Shadow)</visible>
					<left>62</left>
					<top>692</top>
					<width>685</width>
					<height>35</height>
					<font>button2</font>
					<align>left</align>
					<aligny>center</aligny>
					<textcolor>black</textcolor>
					<shadowcolor>black</shadowcolor>
					<label>$INFO[Window(Home).Property(TMDbHelper.ListItem.Set.8.Year)]  $INFO[Window(Home).Property(TMDbHelper.ListItem.Set.8.Title)]</label>
					<scroll>true</scroll>
				</control>
				<control type="label">
					<left>60</left>
					<top>690</top>
					<width>685</width>
					<height>35</height>
					<font>button2</font>
					<align>left</align>
					<aligny>center</aligny>
					<textcolor>$INFO[Skin.String(color.500)]</textcolor>
					<shadowcolor>black</shadowcolor>
					<label>[COLORwhite]$INFO[Window(Home).Property(TMDbHelper.ListItem.Set.8.Year)][/COLOR]  $INFO[Window(Home).Property(TMDbHelper.ListItem.Set.8.Title)]</label>
					<scroll>true</scroll>
				</control>
				<control type="image">
					<visible>!Skin.HasSetting(Shadow)</visible>
					<left>2</left>
					<top>742</top>
					<width>35</width>
					<height>35</height>
					<aspectratio>keep</aspectratio>
					<texture colordiffuse="black">icons/movie.png</texture>
					<visible>!String.IsEmpty(Window(Home).Property(TMDbHelper.ListItem.Set.9.Title))</visible>
				</control>
				<control type="image">
					<left>0</left>
					<top>740</top>
					<width>35</width>
					<height>35</height>
					<aspectratio>keep</aspectratio>
					<texture>icons/movie.png</texture>
					<visible>!String.IsEmpty(Window(Home).Property(TMDbHelper.ListItem.Set.9.Title))</visible>
				</control>
				<control type="label">
					<visible>!Skin.HasSetting(Shadow)</visible>
					<left>62</left>
					<top>742</top>
					<width>685</width>
					<height>35</height>
					<font>button2</font>
					<align>left</align>
					<aligny>center</aligny>
					<textcolor>black</textcolor>
					<shadowcolor>black</shadowcolor>
					<label>$INFO[Window(Home).Property(TMDbHelper.ListItem.Set.9.Year)]  $INFO[Window(Home).Property(TMDbHelper.ListItem.Set.9.Title)]</label>
					<scroll>true</scroll>
				</control>
				<control type="label">
					<left>60</left>
					<top>740</top>
					<width>685</width>
					<height>35</height>
					<font>button2</font>
					<align>left</align>
					<aligny>center</aligny>
					<textcolor>$INFO[Skin.String(color.500)]</textcolor>
					<shadowcolor>black</shadowcolor>
					<label>[COLORwhite]$INFO[Window(Home).Property(TMDbHelper.ListItem.Set.9.Year)][/COLOR]  $INFO[Window(Home).Property(TMDbHelper.ListItem.Set.9.Title)]</label>
					<scroll>true</scroll>
				</control>
				<control type="image">
					<visible>!Skin.HasSetting(Shadow)</visible>
					<left>2</left>
					<top>792</top>
					<width>35</width>
					<height>35</height>
					<aspectratio>keep</aspectratio>
					<texture colordiffuse="black">icons/movie.png</texture>
					<visible>!String.IsEmpty(Window(Home).Property(TMDbHelper.ListItem.Set.10.Title))</visible>
				</control>
				<control type="image">
					<left>0</left>
					<top>790</top>
					<width>35</width>
					<height>35</height>
					<aspectratio>keep</aspectratio>
					<texture>icons/movie.png</texture>
					<visible>!String.IsEmpty(Window(Home).Property(TMDbHelper.ListItem.Set.10.Title))</visible>
				</control>
				<control type="label">
					<visible>!Skin.HasSetting(Shadow)</visible>
					<left>62</left>
					<top>792</top>
					<width>685</width>
					<height>35</height>
					<font>button2</font>
					<align>left</align>
					<aligny>center</aligny>
					<textcolor>black</textcolor>
					<shadowcolor>black</shadowcolor>
					<label>$INFO[Window(Home).Property(TMDbHelper.ListItem.Set.10.Year)]  $INFO[Window(Home).Property(TMDbHelper.ListItem.Set.10.Title)]</label>
					<scroll>true</scroll>
				</control>
				<control type="label">
					<left>60</left>
					<top>790</top>
					<width>685</width>
					<height>35</height>
					<font>button2</font>
					<align>left</align>
					<aligny>center</aligny>
					<textcolor>$INFO[Skin.String(color.500)]</textcolor>
					<shadowcolor>black</shadowcolor>
					<label>[COLORwhite]$INFO[Window(Home).Property(TMDbHelper.ListItem.Set.10.Year)][/COLOR]  $INFO[Window(Home).Property(TMDbHelper.ListItem.Set.10.Title)]</label>
					<scroll>true</scroll>
				</control>
				<control type="image">
					<visible>!Skin.HasSetting(Shadow)</visible>
					<left>797</left>
					<top>652</top>
					<width>86</width>
					<height>33</height>
					<aspectratio align="center" aligny="bottom">keep</aspectratio>
					<texture colordiffuse="black">flags/tmdb.png</texture>
					<visible>!String.IsEmpty(Window(Home).Property(TMDbHelper.ListItem.TMDb_Rating)))</visible>
				</control>
				<control type="image">
					<left>795</left>
					<top>650</top>
					<width>86</width>
					<height>33</height>
					<aspectratio align="center" aligny="bottom">keep</aspectratio>
					<texture>flags/tmdb.png</texture>
					<visible>!String.IsEmpty(Window(Home).Property(TMDbHelper.ListItem.TMDb_Rating)))</visible>
				</control>
				<control type="label">
					<visible>!Skin.HasSetting(Shadow)</visible>
					<left>797</left>
					<top>692</top>
					<width>650</width>
					<height>35</height>
					<font>button2</font>
					<align>left</align>
					<aligny>center</aligny>
					<textcolor>black</textcolor>
					<shadowcolor>black</shadowcolor>
					<label>$INFO[Window(Home).Property(TMDbHelper.ListItem.TMDb_Rating)] $INFO[Window(Home).Property(TMDbHelper.ListItem.TMDb_Votes, Stimmen: ]</label>
					<visible>!String.IsEmpty(Window(Home).Property(TMDbHelper.ListItem.TMDb_Rating)))</visible>
				</control>
				<control type="label">
					<left>795</left>
					<top>690</top>
					<width>650</width>
					<height>35</height>
					<font>button2</font>
					<align>left</align>
					<aligny>center</aligny>
					<textcolor>$INFO[Skin.String(color.500)]</textcolor>
					<shadowcolor>black</shadowcolor>
					<label>$INFO[Window(Home).Property(TMDbHelper.ListItem.Set.Rating)] $INFO[Window(Home).Property(TMDbHelper.ListItem.Set.Votes, [COLORwhite]Stimmen:[/COLOR] ]</label>
					<visible>!String.IsEmpty(Window(Home).Property(TMDbHelper.ListItem.Set.Rating)))</visible>
				</control>
				<control type="image">
					<left>1537</left>
					<top>292</top>
					<width>360</width>
					<height>440</height>
					<aspectratio align="center" aligny="bottom">stretch</aspectratio>
					<texture background="true" colordiffuse="black">$INFO[Window(Home).Property(TMDbHelper.ListItem.poster)]</texture>
					<bordertexture></bordertexture>
					<bordersize>10</bordersize>
					<visible>!String.IsEmpty(Window(Home).Property(TMDbHelper.ListItem.poster))</visible>
				</control>
				<control type="image">
					<left>1535</left>
					<top>290</top>
					<width>360</width>
					<height>440</height>
					<aspectratio align="center" aligny="bottom">stretch</aspectratio>
					<texture background="true">$INFO[Window(Home).Property(TMDbHelper.ListItem.poster)]</texture>
					<bordertexture></bordertexture>
					<bordersize>10</bordersize>
					<visible>!String.IsEmpty(Window(Home).Property(TMDbHelper.ListItem.poster))</visible>
				</control>
			</control>
			<control type="textbox">
				<visible>!Skin.HasSetting(Shadow)</visible>
				<left>792</left>
				<top>287</top>
				<width>735</width>
				<height>190</height>
				<font>font12</font>
				<align>justify</align>
				<textcolor>black</textcolor>
				<shadowcolor>black</shadowcolor>
				<label>$INFO[Window(Home).Property(TMDbHelper.ListItem.Tagline)][CR]$INFO[Window(Home).Property(TMDbHelper.ListItem.Plot]</label>
				<visible>!String.IsEmpty(Window(Home).Property(TMDbHelper.ListItem.Plot))</visible>
				<autoscroll time="2000" delay="6000" repeat="10000">true</autoscroll>
			</control>
			<control type="textbox">
				<left>790</left>
				<top>285</top>
				<width>735</width>
				<height>190</height>
				<font>font12</font>
				<align>justify</align>
				<textcolor>$INFO[Skin.String(color.500)]</textcolor>
				<shadowcolor>black</shadowcolor>
				<label>$INFO[Window(Home).Property(TMDbHelper.ListItem.Tagline)][CR][COLORwhite]$INFO[Window(Home).Property(TMDbHelper.ListItem.Plot][/COLOR]</label>
				<visible>!String.IsEmpty(Window(Home).Property(TMDbHelper.ListItem.Plot))</visible>
				<autoscroll time="2000" delay="6000" repeat="10000">true</autoscroll>
			</control>
			<control type="textbox"><!--Fallback-->
				<visible>!Skin.HasSetting(Shadow)</visible>
				<left>792</left>
				<top>287</top>
				<width>735</width>
				<height>190</height>
				<font>font12</font>
				<align>justify</align>
				<textcolor>black</textcolor>
				<shadowcolor>black</shadowcolor>
				<label>$INFO[ListItem.Tagline][CR]$INFO[ListItem.Plot]</label>
				<visible>String.IsEmpty(Window(Home).Property(TMDbHelper.ListItem.Plot))</visible>
				<autoscroll time="2000" delay="6000" repeat="10000">true</autoscroll>
			</control>
			<control type="textbox"><!--Fallback-->
				<left>790</left>
				<top>285</top>
				<width>735</width>
				<height>190</height>
				<font>font12</font>
				<align>justify</align>
				<textcolor>$INFO[Skin.String(color.500)]</textcolor>
				<shadowcolor>black</shadowcolor>
				<label>$INFO[ListItem.Tagline][CR][COLORwhite]$INFO[ListItem.Plot][/COLOR]</label>
				<visible>String.IsEmpty(Window(Home).Property(TMDbHelper.ListItem.Plot))</visible>
				<autoscroll time="2000" delay="6000" repeat="10000">true</autoscroll>
			</control>
			<control type="image">
				<visible>!Skin.HasSetting(Shadow)</visible>
				<left>1537</left>
				<top>202</top>
				<width>400</width>
				<height>400</height>
				<aspectratio>keep</aspectratio>
				<texture colordiffuse="black">$INFO[ListItem.Art(tvshow.characterart)]</texture>
			</control>
			<control type="image">
				<left>1535</left>
				<top>200</top>
				<width>400</width>
				<height>400</height>
				<aspectratio>keep</aspectratio>
				<texture>$INFO[ListItem.Art(tvshow.characterart)]</texture>
			</control>
			<control type="image">
				<visible>!Skin.HasSetting(Shadow)</visible>
				<left>2</left>
				<top>752</top>
				<width>750</width>
				<height>140</height>
				<texture colordiffuse="black">$INFO[ListItem.Art(banner)]</texture>
				<visible>String.IsEmpty(ListItem.Art(banner))</visible>
			</control>
			<control type="image">
				<left>0</left>
				<top>750</top>
				<width>750</width>
				<height>140</height>
				<texture>$INFO[Window(Home).Property(TMDbHelper.ListItem.banner)]</texture>
			</control>
			<control type="image">
				<visible>!Skin.HasSetting(Shadow)</visible>
				<left>787</left>
				<top>497</top>
				<width>90</width>
				<height>78</height>
				<aspectratio align="center" aligny="bottom">keep</aspectratio>
				<texture colordiffuse="black">$VAR[mpaa]</texture>
			</control>
			<control type="image">
				<left>785</left>
				<top>495</top>
				<width>90</width>
				<height>78</height>
				<aspectratio align="center" aligny="bottom">keep</aspectratio>
				<texture>$VAR[mpaa]</texture>
			</control>
			<control type="group">
				<control type="list" id="123">
					<left>3000</left>
					<height>1</height>
					<width>1</width>
					<autoscroll>true</autoscroll>
					<scrolltime>3000</scrolltime>
					<itemlayout/>
					<focusedlayout/>
					<content>plugin://script.embuary.helper/?info=getresourceimages&addon=resource.images.studios.white&separator='" / "'&string='$ESCINFO[ListItem.Studio]'</content>
				</control>
				<control type="image">
					<visible>!Skin.HasSetting(Shadow)</visible>
					<left>1152</left>
					<top>472</top>
					<width>100</width>
					<height>100</height>
					<aspectratio align="center" aligny="bottom">keep</aspectratio>
					<texture colordiffuse="black">$INFO[Container(123).ListItem.Icon]</texture>
					<fadetime>300</fadetime>
				</control>
				<control type="image">
					<left>1150</left>
					<top>470</top>
					<width>100</width>
					<height>100</height>
					<aspectratio align="center" aligny="bottom">keep</aspectratio>
					<texture>$INFO[Container(123).ListItem.Icon]</texture>
					<fadetime>300</fadetime>
				</control>
			</control>
			<control type="group">
			<visible>!Container.Content(Sets)</visible>
			<control type="image">
				<visible>!Skin.HasSetting(Shadow)</visible>
				<left>797</left>
				<top>652</top>
				<width>86</width>
				<height>33</height>
				<aspectratio align="center" aligny="bottom">keep</aspectratio>
				<texture colordiffuse="black">flags/tmdb.png</texture>
				<visible>!String.IsEmpty(Window(Home).Property(TMDbHelper.ListItem.TMDb_Rating)))</visible>
			</control>
			<control type="image">
				<left>795</left>
				<top>650</top>
				<width>86</width>
				<height>33</height>
				<aspectratio align="center" aligny="bottom">keep</aspectratio>
				<texture>flags/tmdb.png</texture>
				<visible>!String.IsEmpty(Window(Home).Property(TMDbHelper.ListItem.TMDb_Rating)))</visible>
			</control>
			<control type="label">
				<visible>!Skin.HasSetting(Shadow)</visible>
				<left>797</left>
				<top>692</top>
				<width>650</width>
				<height>35</height>
				<font>button2</font>
				<align>left</align>
				<aligny>center</aligny>
				<textcolor>black</textcolor>
				<shadowcolor>black</shadowcolor>
				<label>$INFO[Window(Home).Property(TMDbHelper.ListItem.TMDb_Rating)] $INFO[Window(Home).Property(TMDbHelper.ListItem.TMDb_Votes, Stimmen: ]</label>
				<visible>!String.IsEmpty(Window(Home).Property(TMDbHelper.ListItem.TMDb_Rating)))</visible>
			</control>
			<control type="label">
				<left>795</left>
				<top>690</top>
				<width>650</width>
				<height>35</height>
				<font>button2</font>
				<align>left</align>
				<aligny>center</aligny>
				<textcolor>$INFO[Skin.String(color.500)]</textcolor>
				<shadowcolor>black</shadowcolor>
				<label>$INFO[Window(Home).Property(TMDbHelper.ListItem.TMDb_Rating)] $INFO[Window(Home).Property(TMDbHelper.ListItem.TMDb_Votes, [COLORwhite]Stimmen:[/COLOR] ]</label>
				<visible>!String.IsEmpty(Window(Home).Property(TMDbHelper.ListItem.TMDb_Rating)))</visible>
			</control>
			<control type="image">
				<visible>!Skin.HasSetting(Shadow)</visible>
				<left>1162</left>
				<top>652</top>
				<width>86</width>
				<height>33</height>
				<aspectratio align="center" aligny="bottom">keep</aspectratio>
				<texture colordiffuse="black">flags/imdb.png</texture>
				<visible>!String.IsEmpty(Window(Home).Property(TMDbHelper.ListItem.IMDb_Rating)))</visible>
			</control>
			<control type="image">
				<left>1160</left>
				<top>650</top>
				<width>86</width>
				<height>33</height>
				<aspectratio align="center" aligny="bottom">keep</aspectratio>
				<texture>flags/imdb.png</texture>
				<visible>!String.IsEmpty(Window(Home).Property(TMDbHelper.ListItem.IMDb_Rating)))</visible>
			</control>
			<control type="label">
				<visible>!Skin.HasSetting(Shadow)</visible>
				<left>1162</left>
				<top>692</top>
				<width>650</width>
				<height>35</height>
				<font>button2</font>
				<align>left</align>
				<aligny>center</aligny>
				<textcolor>black</textcolor>
				<shadowcolor>black</shadowcolor>
				<label>$INFO[Window(Home).Property(TMDbHelper.ListItem.IMDb_Rating)] $INFO[Window(Home).Property(TMDbHelper.ListItem.IMDb_Votes, Stimmen: ]</label>
				<visible>!String.IsEmpty(Window(Home).Property(TMDbHelper.ListItem.IMDb_Rating)))</visible>
			</control>
			<control type="label">
				<left>1160</left>
				<top>690</top>
				<width>650</width>
				<height>35</height>
				<font>button2</font>
				<align>left</align>
				<aligny>center</aligny>
				<textcolor>$INFO[Skin.String(color.500)]</textcolor>
				<shadowcolor>black</shadowcolor>
				<label>$INFO[Window(Home).Property(TMDbHelper.ListItem.IMDb_Rating)] $INFO[Window(Home).Property(TMDbHelper.ListItem.IMDb_Votes, [COLORwhite]Stimmen:[/COLOR] ]</label>
				<visible>!String.IsEmpty(Window(Home).Property(TMDbHelper.ListItem.IMDb_Rating)))</visible>
			</control>
			<control type="image">
				<visible>!Skin.HasSetting(Shadow)</visible>
				<left>1527</left>
				<top>652</top>
				<width>86</width>
				<height>33</height>
				<aspectratio align="center" aligny="bottom">keep</aspectratio>
				<texture colordiffuse="black">flags/trakt.png</texture>
				<visible>!String.IsEmpty(Window(Home).Property(TMDbHelper.ListItem.Trakt_Rating)))</visible>
			</control>
			<control type="image">
				<left>1525</left>
				<top>650</top>
				<width>86</width>
				<height>33</height>
				<aspectratio align="center" aligny="bottom">keep</aspectratio>
				<texture>flags/trakt.png</texture>
				<visible>!String.IsEmpty(Window(Home).Property(TMDbHelper.ListItem.Trakt_Rating)))</visible>
			</control>
			<control type="label">
				<visible>!Skin.HasSetting(Shadow)</visible>
				<left>1527</left>
				<top>692</top>
				<width>650</width>
				<height>35</height>
				<font>button2</font>
				<align>left</align>
				<aligny>center</aligny>
				<textcolor>black</textcolor>
				<shadowcolor>black</shadowcolor>
				<label>$INFO[Window(Home).Property(TMDbHelper.ListItem.Trakt_Rating)] $INFO[Window(Home).Property(TMDbHelper.ListItem.Trakt_Votes, Stimmen: ]</label>
				<visible>!String.IsEmpty(Window(Home).Property(TMDbHelper.ListItem.Trakt_Rating)))</visible>
			</control>
			<control type="label">
				<left>1525</left>
				<top>690</top>
				<width>650</width>
				<height>35</height>
				<font>button2</font>
				<align>left</align>
				<aligny>center</aligny>
				<textcolor>$INFO[Skin.String(color.500)]</textcolor>
				<shadowcolor>black</shadowcolor>
				<label>$INFO[Window(Home).Property(TMDbHelper.ListItem.Trakt_Rating)] $INFO[Window(Home).Property(TMDbHelper.ListItem.Trakt_Votes, [COLORwhite]Stimmen:[/COLOR] ]</label>
				<visible>!String.IsEmpty(Window(Home).Property(TMDbHelper.ListItem.Trakt_Rating)))</visible>
			</control>
			</control>
			<control type="group">
				<visible>Container.Content(Movies) | Container.Content(Episodes)</visible>
				<visible>!String.IsEmpty(ListItem.AudioChannels,flags/audio/,.png)</visible>
				<left>465r</left>
				<top>520</top>
				<control type="image">
					<visible>!Skin.HasSetting(Shadow)</visible>
					<left>-84</left>
					<top>2</top>
					<width>86</width>
					<height>33</height>
					<texture colordiffuse="black">flags/resolution/HDR.png</texture>
					<aspectratio>keep</aspectratio>
					<visible>String.Contains(ListItem.Filename,HDR)</visible>
				</control>
				<control type="image">
					<left>-86</left>
					<top>0</top>
					<width>86</width>
					<height>33</height>
					<texture>flags/resolution/HDR.png</texture>
					<aspectratio>keep</aspectratio>
					<visible>String.Contains(ListItem.Filename,HDR)</visible>
				</control>
				<control type="image">
					<visible>!Skin.HasSetting(Shadow)</visible>
					<left>7</left>
					<top>2</top>
					<width>86</width>
					<height>33</height>
					<texture colordiffuse="black">$INFO[ListItem.VideoAspect,flags/aspectratio/,.png]</texture>
					<aspectratio>keep</aspectratio>
				</control>
				<control type="image">
					<left>5</left>
					<top>0</top>
					<width>86</width>
					<height>33</height>
					<texture>$INFO[ListItem.VideoAspect,flags/aspectratio/,.png]</texture>
					<aspectratio>keep</aspectratio>
				</control>
				<control type="image">
					<visible>!Skin.HasSetting(Shadow)</visible>
					<left>98</left>
					<top>2</top>
					<width>86</width>
					<height>33</height>
					<texture colordiffuse="black">$INFO[ListItem.VideoResolution,flags/resolution/,.png]</texture>
					<aspectratio>keep</aspectratio>
				</control>
				<control type="image">
					<left>96</left>
					<top>0</top>
					<width>86</width>
					<height>33</height>
					<texture>$INFO[ListItem.VideoResolution,flags/resolution/,.png]</texture>
					<aspectratio>keep</aspectratio>
				</control>
				<control type="image">
					<visible>!Skin.HasSetting(Shadow)</visible>
					<left>189</left>
					<top>2</top>
					<width>86</width>
					<height>33</height>
					<texture colordiffuse="black">$INFO[ListItem.VideoCodec,flags/videocodec/,.png]</texture>
					<aspectratio>keep</aspectratio>
				</control>
				<control type="image">
					<left>187</left>
					<top>0</top>
					<width>86</width>
					<height>33</height>
					<texture>$INFO[ListItem.VideoCodec,flags/videocodec/,.png]</texture>
					<aspectratio>keep</aspectratio>
				</control>
				<control type="image">
					<visible>!Skin.HasSetting(Shadow)</visible>
					<left>280</left>
					<top>2</top>
					<width>86</width>
					<height>33</height>
					<texture colordiffuse="black">$INFO[ListItem.AudioCodec,flags/audio/,.png]</texture>
					<aspectratio>keep</aspectratio>
					<visible>!String.Contains(ListItem.FilenameAndPath,.atmos)</visible>
				</control>
				<control type="image">
					<left>278</left>
					<top>0</top>
					<width>86</width>
					<height>33</height>
					<texture>$INFO[ListItem.AudioCodec,flags/audio/,.png]</texture>
					<aspectratio>keep</aspectratio>
					<visible>!String.Contains(ListItem.FilenameAndPath,.atmos)</visible>
				</control>
				<control type="image">
					<visible>!Skin.HasSetting(Shadow)</visible>
					<left>280</left>
					<top>2</top>
					<width>86</width>
					<height>33</height>
					<texture colordiffuse="black">flags/audio/atmos.png</texture>
					<aspectratio>keep</aspectratio>
					<visible>String.Contains(ListItem.FilenameAndPath,.atmos)</visible>
				</control>
				<control type="image">
					<left>278</left>
					<top>0</top>
					<width>86</width>
					<height>33</height>
					<texture>flags/audio/atmos.png</texture>
					<aspectratio>keep</aspectratio>
					<visible>String.Contains(ListItem.FilenameAndPath,.atmos)</visible>
				</control>
				<control type="image">
					<visible>!Skin.HasSetting(Shadow)</visible>
					<left>371</left>
					<top>2</top>
					<width>86</width>
					<height>33</height>
					<texture colordiffuse="black">$INFO[ListItem.AudioChannels,flags/audio/,.png]</texture>
					<aspectratio>keep</aspectratio>
				</control>
				<control type="image">
					<left>369</left>
					<top>0</top>
					<width>86</width>
					<height>33</height>
					<texture>$INFO[ListItem.AudioChannels,flags/audio/,.png]</texture>
					<aspectratio>keep</aspectratio>
				</control>
			</control>
			<control type="group">
				<control type="panel" id="50">
					<left>790</left>
					<top>740</top>
					<width>1080</width>
					<height>370</height>
					<onleft>50</onleft>
					<onright>50</onright>
					<onup>9000</onup>
					<ondown>61</ondown>
					<pagecontrol>61</pagecontrol>
					<scrolltime>200</scrolltime>
					<orientation>horizontal</orientation>
					<itemlayout height="240" width="180" condition="!Container.Content(Sets)">
						<control type="group">
							<control type="image">
								<left>5</left>
								<top>15</top>
								<width>170</width>
								<height>210</height>
								<aspectratio>scale</aspectratio>
								<texture colordiffuse="$INFO[Skin.String(color.500)]" background="true">defaultuser.png</texture>
								<visible>String.IsEmpty(ListItem.Thumb)</visible>
							</control>
							<control type="image">
								<left>0</left>
								<top>10</top>
								<width>180</width>
								<height>220</height>
								<aspectratio>scale</aspectratio>
								<texture background="true">$INFO[ListItem.Thumb]</texture>
								<bordersize>2</bordersize>
								<bordertexture>backgrounds/poster shadow small.png</bordertexture>
								<visible>!String.IsEmpty(ListItem.Thumb)</visible>
							</control>
						</control>
					</itemlayout>
					<focusedlayout height="240" width="180" condition="!Container.Content(Sets)">
						<control type="group">
							<control type="image">
								<left>0</left>
								<top>10</top>
								<width>180</width>
								<height>220</height>
								<texture colordiffuse="quaternary" background="true">backgrounds/white.png</texture>
								<bordersize>5</bordersize>
								<bordertexture colordiffuse="$INFO[Skin.String(color.500)]">backgrounds/white.png</bordertexture>
								<visible>String.IsEmpty(ListItem.Thumb)</visible>
							</control>
							<control type="image">
								<left>5</left>
								<top>15</top>
								<width>170</width>
								<height>210</height>
								<aspectratio>scale</aspectratio>
								<texture colordiffuse="$INFO[Skin.String(color.500)]" background="true">defaultuser.png</texture>
								<visible>String.IsEmpty(ListItem.Thumb)</visible>
							</control>
							<control type="image">
								<left>0</left>
								<top>10</top>
								<width>180</width>
								<height>220</height>
								<aspectratio>scale</aspectratio>
								<texture background="true">$INFO[ListItem.Thumb]</texture>
								<bordersize>2</bordersize>
								<bordertexture colordiffuse="$INFO[Skin.String(color.500)]">backgrounds/white.png</bordertexture>
								<visible>!String.IsEmpty(ListItem.Thumb)</visible>
							</control>
							<control type="image">
								<left>2</left>
								<top>178</top>
								<width>176</width>
								<height>50</height>
								<texture colordiffuse="button.nf">backgrounds/white.png</texture>
							</control>
							<control type="label">
								<left>5</left>
								<top>180</top>
								<width>170</width>
								<height>30</height>
								<align>center</align>
								<aligny>center</aligny>
								<font>secondary.info.light</font>
								<textcolor>white</textcolor>
								<shadowcolor>black</shadowcolor>
								<label>$INFO[ListItem.Label]</label>
								<scrollspeed>25</scrollspeed>
							</control>
							<control type="label">
								<left>5</left>
								<top>200</top>
								<width>170</width>
								<height>30</height>
								<align>center</align>
								<aligny>center</aligny>
								<font>secondary.info.light</font>
								<textcolor>white</textcolor>
								<shadowcolor>black</shadowcolor>
								<label>$INFO[ListItem.Label2]</label>
								<scrollspeed>25</scrollspeed>
							</control>
						</control>
					</focusedlayout>
					<itemlayout height="240" width="180" condition="Container.Content(Sets)">
						<control type="group">
							<control type="image">
								<left>0</left>
								<top>10</top>
								<width>180</width>
								<height>220</height>
								<texture background="true">$INFO[ListItem.Art(poster)]</texture>
								<aspectratio aligny="left">keep</aspectratio>
							</control>
						</control>
					</itemlayout>
					<focusedlayout height="240" width="180" condition="Container.Content(Sets)">
						<control type="group">
							<control type="image">
								<left>0</left>
								<top>10</top>
								<width>180</width>
								<height>220</height>
								<texture background="true">$INFO[ListItem.Art(poster)]</texture>
								<aspectratio aligny="left">keep</aspectratio>
							</control>
							<control type="image">
								<left>0</left>
								<top>10</top>
								<width>180</width>
								<height>220</height>
								<aspectratio aligny="left">keep</aspectratio>
								<texture background="true">$INFO[ListItem.Art(poster)]</texture>
								<bordertexture colordiffuse="$INFO[Skin.String(color.500)]">backgrounds/white.png</bordertexture>
								<bordersize>2</bordersize>
							</control>
						</control>
					</focusedlayout>
				</control>
			</control>
		</control>
	</controls>
</window>