<?xml version="1.0" encoding="UTF-8"?>
<window>
	<defaultcontrol always="true">9000</defaultcontrol>
	<onload>RunScript(script.skinshortcuts,type=buildxml&amp;mainmenuID=9000&amp;group=mainmenu&amp;options=noGroups)</onload>
	<onload condition="Skin.HasSetting(StopVideoOnBack) + !Player.HasAudio">PlayerControl(Stop)</onload>
	<include>CheckSkinColorsSet</include>
	<controls>
		<control type="image">
			<left>0</left>
			<top>0</top>
			<width>1920</width>
			<height>1080</height>
			<texture>$INFO[Skin.CurrentTheme,special://skin/extras/backgrounds/,.jpg]</texture>
		</control>
		<control type="image">
			<left>0</left>
			<top>0</top>
			<width>1920</width>
			<height>1080</height>
			<texture>$INFO[Skin.String(CustomBackgroundPath)]</texture>
			<visible>Skin.HasSetting(UseCustomBackground) + Skin.String(CustomBackgroundPath)</visible>
		</control>
		<control type="image">
			<left>0</left>
			<top>0</top>
			<width>100%</width>
			<height>100%</height>
			<texture>backgrounds/fade.png</texture>
			<aspectratio>scale</aspectratio>
			<visible>Skin.HasSetting(UseCustomBackground) + Skin.String(CustomBackgroundPath)</visible>
		</control>
		<control type="group">
			<visible>String.IsEmpty(ListItem.RatingAndVotes)</visible>
			<control type="label">
				<visible>!Skin.HasSetting(Shadow)</visible>
				<left>5</left>
				<top>165</top>
				<height>100</height>
				<width>1920</width>
				<align>center</align>
				<aligny>center</aligny>
				<font>title1</font>
				<textcolor>black</textcolor>
				<shadowcolor>black</shadowcolor>
				<label>[B]$LOCALIZE[32021][/B]</label>
			</control>
			<control type="label">
				<left>0</left>
				<top>160</top>
				<height>100</height>
				<width>1920</width>
				<align>center</align>
				<aligny>center</aligny>
				<font>title1</font>
				<textcolor>white</textcolor>
				<shadowcolor>black</shadowcolor>
				<label>[B]$LOCALIZE[32021][/B]</label>
			</control>
			<control type="label">
				<visible>!Skin.HasSetting(Shadow)</visible>
				<left>3</left>
				<top>308</top>
				<height>50</height>
				<width>1920</width>
				<align>center</align>
				<aligny>center</aligny>
				<font>title2</font>
				<textcolor>black</textcolor>
				<shadowcolor>black</shadowcolor>
				<label>[B]$LOCALIZE[32022][/B]</label>
			</control>
			<control type="label">
				<left>0</left>
				<top>305</top>
				<height>50</height>
				<width>1920</width>
				<align>center</align>
				<aligny>center</aligny>
				<font>title2</font>
				<textcolor>$INFO[Skin.String(color.500)]</textcolor>
				<shadowcolor>black</shadowcolor>
				<label>[B]$LOCALIZE[32022][/B]</label>
			</control>
			<control type="label">
				<left>1473</left>
				<top>228</top>
				<height>50</height>
				<width>1920</width>
				<align>left</align>
				<aligny>center</aligny>
				<font>title2</font>
				<textcolor>black</textcolor>
				<shadowcolor>black</shadowcolor>
				<label>[B]FLIX[/B]</label>
			</control>
			<control type="label">
				<left>1470</left>
				<top>225</top>
				<height>50</height>
				<width>1920</width>
				<align>left</align>
				<aligny>center</aligny>
				<font>title2</font>
				<textcolor>white</textcolor>
				<shadowcolor>black</shadowcolor>
				<label>[B]FLIX[/B]</label>
			</control>
		</control>
		<control type="group">
			<visible>Skin.HasSetting(homepageVideowindow)</visible>
			<visible>Player.HasVideo</visible>
			<control type="image">
				<left>0</left>
				<top>0</top>
				<width>1920</width>
				<height>1080</height>
				<texture colordiffuse="black">backgrounds/white.png</texture>
			</control>
			<control type="videowindow">
				<left>1280r</left>
				<top>-35</top>
				<width>1280</width>
				<height>720</height>
			</control>
			<control type="image">
				<left>0</left>
				<top>0</top>
				<width>1920</width>
				<height>1080</height>
				<texture diffuse="backgrounds/backgrounddiffuse.png">$INFO[Skin.CurrentTheme,special://skin/extras/backgrounds/,.jpg]</texture>
			</control>
			<control type="image">
				<left>0</left>
				<top>0</top>
				<width>1920</width>
				<height>1080</height>
				<texture diffuse="backgrounds/backgrounddiffuse.png">$INFO[Skin.String(CustomBackgroundPath)]</texture>
				<visible>Skin.HasSetting(UseCustomBackground) + Skin.String(CustomBackgroundPath)</visible>
			</control>
		</control>
		<control type="group">
			<visible>Skin.HasSetting(homepageVideowindow)</visible>
			<visible>Player.HasAudio</visible>
			<control type="image">
				<left>1280r</left>
				<top>-35</top>
				<width>1280</width>
				<height>720</height>
				<align>top</align>
				<aspectratio>scale</aspectratio>
				<fadetime>400</fadetime>
				<texture background="true">$INFO[Window(Visualisation).Property(ArtistSlideshow.Image)]</texture>
			</control>
			<control type="image">
				<left>0</left>
				<top>0</top>
				<width>1920</width>
				<height>1080</height>
				<texture diffuse="backgrounds/backgrounddiffuse.png">$INFO[Skin.CurrentTheme,special://skin/extras/backgrounds/,.jpg]</texture>
			</control>
			<control type="image">
				<left>0</left>
				<top>0</top>
				<width>1920</width>
				<height>1080</height>
				<texture diffuse="backgrounds/backgrounddiffuse.png">$INFO[Skin.String(CustomBackgroundPath)]</texture>
				<visible>Skin.HasSetting(UseCustomBackground) + Skin.String(CustomBackgroundPath)</visible>
			</control>
		</control>
		<control type="group">
			<width>1920</width>
			<centerleft>50%</centerleft>
			<control type="group" id="9007">
				<top>400</top>
				<onleft>9000</onleft>
				<onright>9000</onright>
				<onup>915</onup>
				<ondown>608</ondown>
				<include>skinshortcuts-template-widget</include>
			</control>
			<control type="group">
				<left>0</left>
				<top>37%</top>
				<control type="group">
					<left>20r</left>
					<top>470</top>
					<visible>String.IsEmpty(Window(Videos).Property(PlayingBackgroundMedia))</visible>
					<control type="group">
						<visible>Player.HasMedia</visible>
						<control type="group" id="600">
							<left>210r</left>
							<onup>9007</onup>
							<ondown>9000</ondown>
							<defaultcontrol></defaultcontrol>
							<enable>Player.HasMedia</enable>
							<control type="group">
								<visible>!VideoPlayer.Content(LiveTV)</visible>
								<visible>!Player.HasAudio</visible>
								<control type="image">
									<visible>!Skin.HasSetting(Shadow)</visible>
									<top>3</top>
									<left>3</left>
									<width>50</width>
									<height>50</height>
									<label></label>
									<texture colordiffuse="black">icons/stop.png</texture>
								</control>
								<control type="button" id="604">
									<left>0</left>
									<width>50</width>
									<height>50</height>
									<label></label>
									<texturefocus colordiffuse="$INFO[Skin.String(color.500)]">icons/stop.png</texturefocus>
									<texturenofocus>icons/stop.png</texturenofocus>
									<onleft>607</onleft>
									<onright>603</onright>
									<onup>9007</onup>
									<ondown>9000</ondown>
									<onclick>down</onclick>
									<onclick>PlayerControl(Stop)</onclick>
								</control>
								<control type="image">
									<visible>!Skin.HasSetting(Shadow)</visible>
									<top>3</top>
									<left>73</left>
									<width>50</width>
									<height>50</height>
									<texture colordiffuse="black">icons/pause.png</texture>
									<visible>Player.Playing</visible>
								</control>
								<control type="image">
									<visible>!Skin.HasSetting(Shadow)</visible>
									<top>3</top>
									<left>73</left>
									<width>50</width>
									<height>50</height>
									<texture colordiffuse="black">icons/play2.png</texture>
									<visible>Player.Paused</visible>
								</control>
								<control type="togglebutton" id="603">
									<left>70</left>
									<width>50</width>
									<height>50</height>
									<label></label>
									<texturefocus colordiffuse="$INFO[Skin.String(color.500)]">icons/pause.png</texturefocus>
									<texturenofocus>icons/pause.png</texturenofocus>
									<usealttexture>Player.Paused | Player.Forwarding | Player.Rewinding</usealttexture>
									<alttexturefocus colordiffuse="$INFO[Skin.String(color.500)]">icons/play2.png</alttexturefocus>
									<alttexturenofocus>icons/play2.png</alttexturenofocus>
									<onleft>604</onleft>
									<onright>607</onright>
									<onup>9007</onup>
									<ondown>9000</ondown>
									<onclick>PlayerControl(Play)</onclick>
								</control>
								<control type="image">
									<visible>!Skin.HasSetting(Shadow)</visible>
									<top>3</top>
									<left>143</left>
									<width>50</width>
									<height>50</height>
									<texture colordiffuse="black">icons/fullscreen.png</texture>
								</control>
								<control type="button" id="607">
									<left>140</left>
									<width>50</width>
									<height>50</height>
									<label></label>
									<texturefocus colordiffuse="$INFO[Skin.String(color.500)]">icons/fullscreen.png</texturefocus>
									<texturenofocus>icons/fullscreen.png</texturenofocus>
									<onleft>603</onleft>
									<onright>604</onright>
									<onup>9007</onup>
									<ondown>9000</ondown>
									<onclick>fullscreen</onclick>
								</control>
							</control>
							<control type="group" id="600">
								<visible>VideoPlayer.Content(LiveTV)</visible>
								<visible>!Player.HasAudio</visible>
								<control type="image">
									<visible>!Skin.HasSetting(Shadow)</visible>
									<top>3</top>
									<left>3</left>
									<width>50</width>
									<height>50</height>
									<texture colordiffuse="black">icons/stop.png</texture>
								</control>
								<control type="button" id="603">
									<left>0</left>
									<width>50</width>
									<height>50</height>
									<label></label>
									<texturefocus colordiffuse="$INFO[Skin.String(color.500)]">icons/stop.png</texturefocus>
									<texturenofocus>icons/stop.png</texturenofocus>
									<onleft>602</onleft>
									<onright>604</onright>
									<onup>9007</onup>
									<ondown>9000</ondown>
									<onclick>down</onclick>
									<onclick>PlayerControl(Stop)</onclick>
								</control>
								<control type="image">
									<visible>!Skin.HasSetting(Shadow)</visible>
									<top>3</top>
									<left>73</left>
									<width>50</width>
									<height>50</height>
									<texture colordiffuse="black">icons/pause.png</texture>
									<visible>Player.Playing</visible>
								</control>
								<control type="image">
									<visible>!Skin.HasSetting(Shadow)</visible>
									<top>3</top>
									<left>73</left>
									<width>50</width>
									<height>50</height>
									<texture colordiffuse="black">icons/play2.png</texture>
									<visible>Player.Paused</visible>
								</control>
								<control type="togglebutton" id="604">
									<left>70</left>
									<width>50</width>
									<height>50</height>
									<label></label>
									<texturefocus colordiffuse="$INFO[Skin.String(color.500)]">icons/pause.png</texturefocus>
									<texturenofocus>icons/pause.png</texturenofocus>
									<usealttexture>Player.Paused | Player.Forwarding | Player.Rewinding</usealttexture>
									<alttexturefocus colordiffuse="$INFO[Skin.String(color.500)]">icons/play2.png</alttexturefocus>
									<alttexturenofocus>icons/play2.png</alttexturenofocus>
									<onleft>603</onleft>
									<onright>605</onright>
									<onup>9007</onup>
									<ondown>9000</ondown>
									<onclick>PlayerControl(Play)</onclick>
									<enable>Player.PauseEnabled</enable>
									<animation effect="fade" start="100" end="30" time="100" condition="!Player.PauseEnabled">Conditional</animation>
								</control>
								<control type="image">
									<visible>!Skin.HasSetting(Shadow)</visible>
									<top>3</top>
									<left>143</left>
									<width>50</width>
									<height>50</height>
									<texture colordiffuse="black">icons/fullscreen.png</texture>
								</control>
								<control type="button" id="605">
									<left>140</left>
									<width>50</width>
									<height>50</height>
									<label></label>
									<texturefocus colordiffuse="$INFO[Skin.String(color.500)]">icons/fullscreen.png</texturefocus>
									<texturenofocus>icons/fullscreen.png</texturenofocus>
									<onleft>604</onleft>
									<onright>601</onright>
									<onup>9007</onup>
									<ondown>9000</ondown>
									<onclick>fullscreen</onclick>
								</control>
							</control>
							<control type="group" id="600">
								<visible>Player.HasAudio</visible>
								<control type="image">
									<visible>!Skin.HasSetting(Shadow)</visible>
									<top>3</top>
									<left>3</left>
									<width>50</width>
									<height>50</height>
									<texture colordiffuse="black">icons/stop.png</texture>
								</control>
								<control type="button" id="603">
									<left>0</left>
									<width>50</width>
									<height>50</height>
									<label></label>
									<texturefocus colordiffuse="$INFO[Skin.String(color.500)]">icons/stop.png</texturefocus>
									<texturenofocus>icons/stop.png</texturenofocus>
									<onleft>602</onleft>
									<onright>604</onright>
									<onup>9007</onup>
									<ondown>9000</ondown>
									<onclick>down</onclick>
									<onclick>PlayerControl(Stop)</onclick>
								</control>
								<control type="image">
									<visible>!Skin.HasSetting(Shadow)</visible>
									<top>3</top>
									<left>73</left>
									<width>50</width>
									<height>50</height>
									<texture colordiffuse="black">icons/pause.png</texture>
									<visible>Player.Playing</visible>
								</control>
								<control type="image">
									<visible>!Skin.HasSetting(Shadow)</visible>
									<top>3</top>
									<left>73</left>
									<width>50</width>
									<height>50</height>
									<texture colordiffuse="black">icons/play2.png</texture>
									<visible>Player.Paused</visible>
								</control>
								<control type="togglebutton" id="604">
									<left>70</left>
									<width>50</width>
									<height>50</height>
									<label></label>
									<texturefocus colordiffuse="$INFO[Skin.String(color.500)]">icons/pause.png</texturefocus>
									<texturenofocus>icons/pause.png</texturenofocus>
									<usealttexture>Player.Paused | Player.Forwarding | Player.Rewinding</usealttexture>
									<alttexturefocus colordiffuse="$INFO[Skin.String(color.500)]">icons/play2.png</alttexturefocus>
									<alttexturenofocus>icons/play2.png</alttexturenofocus>
									<onleft>603</onleft>
									<onright>605</onright>
									<onup>9007</onup>
									<ondown>9000</ondown>
									<onclick>PlayerControl(Play)</onclick>
									<enable>Player.PauseEnabled</enable>
									<animation effect="fade" start="100" end="30" time="100" condition="!Player.PauseEnabled">Conditional</animation>
								</control>
								<control type="image">
									<visible>!Skin.HasSetting(Shadow)</visible>
									<top>3</top>
									<left>143</left>
									<width>50</width>
									<height>50</height>
									<texture colordiffuse="black">icons/fullscreen.png</texture>
								</control>
								<control type="button" id="605">
									<left>140</left>
									<width>50</width>
									<height>50</height>
									<label></label>
									<texturefocus colordiffuse="$INFO[Skin.String(color.500)]">icons/fullscreen.png</texturefocus>
									<texturenofocus>icons/fullscreen.png</texturenofocus>
									<onleft>604</onleft>
									<onright>601</onright>
									<onup>9007</onup>
									<ondown>9000</ondown>
									<onclick>fullscreen</onclick>
								</control>
							</control>
						</control>
					</control>
				</control>
				<control type="group">
					<top>210</top>
					<control type="image">
						<left>3</left>
						<top>328</top>
						<width>1920</width>
						<height>64</height>
						<texture colordiffuse="black">menu_bar_views.png</texture>
					</control>
					<control type="image">
						<left>0</left>
						<top>325</top>
						<width>1920</width>
						<height>64</height>
						<texture colordiffuse="$INFO[Skin.String(color.500)]">menu_bar_views.png</texture>
					</control>
					<control type="list" id="9000">
						<animation effect="fade" start="100" end="0" time="0" condition="Control.HasFocus(9901)" >Conditional</animation>
						<left>15</left>
						<top>-460</top>
						<width>410</width>
						<height>696</height>
						<onleft>9901</onleft>
						<onright >9003</onright>
						<onup>9000</onup>
						<ondown>995</ondown>
						<pagecontrol></pagecontrol>
						<scrolltime></scrolltime>
						<focusposition></focusposition>
						<movement></movement>
						<orientation>Vertical</orientation>
						<itemlayout height="87" width="410">
							<control type="image">
								<left>0</left>
								<top>0</top>
								<width>410</width>
								<height>80</height>
								<texture colordiffuse="button.nf">backgrounds/white.png</texture>
							</control>
							<control type="label">
								<left>7</left>
								<top>2</top>
								<width>400</width>
								<height>70</height>
								<font>font_MainMenu</font>
								<textcolor>black</textcolor>
								<align>left</align>
								<aligny>center</aligny>
								<label>$INFO[ListItem.Label]</label>
								<shadowcolor>black</shadowcolor>
							</control>
							<control type="label">
								<left>5</left>
								<top>0</top>
								<width>400</width>
								<height>70</height>
								<font>font_MainMenu</font>
								<textcolor>white</textcolor>
								<align>left</align>
								<aligny>center</aligny>
								<label>$INFO[ListItem.Label]</label>
								<shadowcolor>black</shadowcolor>
							</control>
						</itemlayout>
						<focusedlayout height="87" width="400">
							<control type="image">
								<left>0</left>
								<top>0</top>
								<width>410</width>
								<height>80</height>
								<texture colordiffuse="button.nf">backgrounds/white.png</texture>
							</control>
							<control type="label">
								<visible>!Skin.HasSetting(Shadow)</visible>
								<left>7</left>
								<top>2</top>
								<width>400</width>
								<height>70</height>
								<font>font_MainMenu</font>
								<textcolor>black</textcolor>
								<shadowcolor>black</shadowcolor>
								<align>left</align>
								<aligny>center</aligny>
								<label>$INFO[ListItem.Label]</label>
								<visible>!Control.HasFocus(9000)</visible>
							</control>
							<control type="label">
								<left>5</left>
								<top>0</top>
								<width>400</width>
								<height>70</height>
								<font>font_MainMenu</font>
								<textcolor>$INFO[Skin.String(color.500)]</textcolor>
								<shadowcolor>black</shadowcolor>
								<align>left</align>
								<aligny>center</aligny>
								<label>$INFO[ListItem.Label]</label>
								<visible>!Control.HasFocus(9000)</visible>
							</control>
							<control type="label">
								<visible>!Skin.HasSetting(Shadow)</visible>
								<left>7</left>
								<top>2</top>
								<width>400</width>
								<height>70</height>
								<font>font_MainMenu2</font>
								<textcolor>black</textcolor>
								<shadowcolor>black</shadowcolor>
								<align>left</align>
								<aligny>center</aligny>
								<label>$INFO[ListItem.Label]</label>
								<visible>Control.HasFocus(9000)</visible>
							</control>
							<control type="label">
								<left>5</left>
								<top>0</top>
								<width>400</width>
								<height>70</height>
								<font>font_MainMenu2</font>
								<textcolor>$INFO[Skin.String(color.500)]</textcolor>
								<shadowcolor>black</shadowcolor>
								<align>left</align>
								<aligny>center</aligny>
								<label>$INFO[ListItem.Label]</label>
								<visible>Control.HasFocus(9000)</visible>
							</control>
						</focusedlayout>
						<content>
							<include>skinshortcuts-mainmenu</include>
						</content>
					</control>
					<control type="group">
						<include>skinshortcuts-template-submenu</include>
					</control>
				</control>
			</control>
		</control>
		<control type="group">
			<visible>Player.HasVideo</visible>
			<visible>VideoPlayer.Content(LiveTV) + !Skin.HasSetting(homepageVideoinfo)</visible>
			<control type="image">
				<visible>!Skin.HasSetting(Shadow)</visible>
				<left>802</left>
				<top>890</top>
				<width>35</width>
				<height>35</height>
				<aspectratio>keep</aspectratio>
				<texture colordiffuse="black">icons/play.png</texture>
				<visible>!String.IsEmpty(Player.Title)</visible>
			</control>
			<control type="image">
				<left>800</left>
				<top>890</top>
				<width>35</width>
				<height>35</height>
				<aspectratio>keep</aspectratio>
				<texture>icons/play.png</texture>
				<visible>!String.IsEmpty(Player.Title)</visible>
			</control>
			<control type="label">
				<visible>!Skin.HasSetting(Shadow)</visible>
				<left>852</left>
				<top>892</top>
				<height>35</height>
				<width>840</width>
				<align>left</align>
				<aligny>center</aligny>
				<font>breadcrumb</font>
				<textcolor>black</textcolor>
				<shadowcolor>black</shadowcolor>
				<label>$INFO[VideoPlayer.ChannelName] $INFO[Player.Title]</label>
				<visible>!String.IsEmpty(Player.Title)</visible>
				<scroll>true</scroll>
			</control>
			<control type="label">
				<left>850</left>
				<top>890</top>
				<height>35</height>
				<width>840</width>
				<align>left</align>
				<aligny>center</aligny>
				<font>breadcrumb</font>
				<textcolor>$INFO[Skin.String(color.500)]</textcolor>
				<shadowcolor>black</shadowcolor>
				<label>[COLORwhite]$INFO[VideoPlayer.ChannelName][/COLOR] $INFO[Player.Title]</label>
				<visible>!String.IsEmpty(Player.Title)</visible>
				<scroll>true</scroll>
			</control>
			<control type="image">
				<visible>!Skin.HasSetting(Shadow)</visible>
				<left>802</left>
				<top>942</top>
				<width>35</width>
				<height>35</height>
				<aspectratio>keep</aspectratio>
				<texture colordiffuse="black">icons/clock.png</texture>
				<visible>!String.IsEmpty(VideoPlayer.StartTime)</visible>
			</control>
			<control type="image">
				<left>800</left>
				<top>940</top>
				<width>35</width>
				<height>35</height>
				<aspectratio>keep</aspectratio>
				<texture>icons/clock.png</texture>
				<visible>!String.IsEmpty(VideoPlayer.StartTime)</visible>
			</control>
			<control type="label">
				<visible>!Skin.HasSetting(Shadow)</visible>
				<left>852</left>
				<top>942</top>
				<height>35</height>
				<width>1050</width>
				<align>left</align>
				<aligny>center</aligny>
				<font>breadcrumb</font>
				<textcolor>black</textcolor>
				<shadowcolor>black</shadowcolor>
				<label>$INFO[VideoPlayer.StartTime] $INFO[VideoPlayer.EndTime, - ] Uhr $INFO[VideoPlayer.NextTitle, Anschließend läuft: ]</label>
				<visible>!String.IsEmpty(VideoPlayer.StartTime)</visible>
				<scroll>true</scroll>
			</control>
			<control type="label">
				<left>850</left>
				<top>940</top>
				<height>35</height>
				<width>1050</width>
				<align>left</align>
				<aligny>center</aligny>
				<font>breadcrumb</font>
				<textcolor>$INFO[Skin.String(color.500)]</textcolor>
				<shadowcolor>black</shadowcolor>
				<label>$INFO[VideoPlayer.StartTime] $INFO[VideoPlayer.EndTime, - ] [COLORwhite]Uhr[/COLOR] [COLORgrey]$INFO[VideoPlayer.NextTitle, Anschließend läuft: ][/COLOR]</label>
				<visible>!String.IsEmpty(VideoPlayer.StartTime)</visible>
				<scroll>true</scroll>
			</control>
		</control>	
		<control type="group">
			<visible>Player.HasVideo</visible>
			<visible>!VideoPlayer.Content(LiveTV) + !Skin.HasSetting(homepageVideoinfo)</visible>
			<control type="image">
				<visible>!Skin.HasSetting(Shadow)</visible>
				<left>802</left>
				<top>892</top>
				<width>35</width>
				<height>35</height>
				<aspectratio>keep</aspectratio>
				<texture colordiffuse="black">icons/play.png</texture>
				<visible>!String.IsEmpty(Player.Title)</visible>
			</control>
			<control type="image">
				<left>800</left>
				<top>890</top>
				<width>35</width>
				<height>35</height>
				<aspectratio>keep</aspectratio>
				<texture>icons/play.png</texture>
				<visible>!String.IsEmpty(Player.Title)</visible>
			</control>	
			<control type="label">
				<visible>!Skin.HasSetting(Shadow)</visible>
				<left>852</left>
				<top>892</top>
				<height>35</height>
				<width>840</width>
				<align>left</align>
				<aligny>center</aligny>
				<font>breadcrumb</font>
				<textcolor>black</textcolor>
				<shadowcolor>black</shadowcolor>
				<label>$INFO[Player.Title] $INFO[VideoPlayer.TVShowTitle, - ] $INFO[VideoPlayer.Season, - Staffel: ] $INFO[VideoPlayer.Episode,Episode: ]</label>
				<visible>!String.IsEmpty(Player.Title)</visible>
				<scroll>true</scroll>
			</control>
			<control type="label">
				<left>850</left>
				<top>890</top>
				<height>35</height>
				<width>840</width>
				<align>left</align>
				<aligny>center</aligny>
				<font>breadcrumb</font>
				<textcolor>$INFO[Skin.String(color.500)]</textcolor>
				<shadowcolor>black</shadowcolor>
				<label>$INFO[Player.Title] [COLORwhite]$INFO[VideoPlayer.TVShowTitle, - ] $INFO[VideoPlayer.Season, - Staffel: ] $INFO[VideoPlayer.Episode,Episode: ][/COLOR]</label>
				<visible>!String.IsEmpty(Player.Title)</visible>
				<scroll>true</scroll>
			</control>
			<control type="image">
				<visible>!Skin.HasSetting(Shadow)</visible>
				<left>802</left>
				<top>942</top>
				<width>35</width>
				<height>35</height>
				<aspectratio>keep</aspectratio>
				<texture colordiffuse="black">icons/clock.png</texture>
				<visible>!String.IsEmpty(Player.Time)</visible>
			</control>
			<control type="image">
				<left>800</left>
				<top>940</top>
				<width>35</width>
				<height>35</height>
				<aspectratio>keep</aspectratio>
				<texture>icons/clock.png</texture>
				<visible>!String.IsEmpty(Player.Time)</visible>
			</control>
			<control type="label">
				<visible>!Skin.HasSetting(Shadow)</visible>
				<left>852</left>
				<top>942</top>
				<height>35</height>
				<width>1050</width>
				<align>left</align>
				<aligny>center</aligny>
				<font>breadcrumb</font>
				<textcolor>black</textcolor>
				<shadowcolor>black</shadowcolor>
				<label>$INFO[Player.Time,Aktuelle Laufzeit: ] $INFO[Player.FinishTime(hh:mm), endet um: ] Uhr</label>
				<visible>!String.IsEmpty(Player.FinishTime)</visible>
				<scroll>true</scroll>
			</control>
			<control type="label">
				<left>850</left>
				<top>940</top>
				<height>35</height>
				<width>1050</width>
				<align>left</align>
				<aligny>center</aligny>
				<font>breadcrumb</font>
				<textcolor>$INFO[Skin.String(color.500)]</textcolor>
				<shadowcolor>black</shadowcolor>
				<label>$INFO[Player.Time,[COLORwhite]Aktuelle Laufzeit:[/COLOR] ] $INFO[Player.FinishTime(hh:mm), [COLORwhite]endet um:[/COLOR] ] [COLORwhite]Uhr[/COLOR]</label>
				<visible>!String.IsEmpty(Player.FinishTime)</visible>
				<scroll>true</scroll>
			</control>
		</control>
		<control type="group">
			<visible>Player.HasAudio + !Skin.HasSetting(homepageMusicinfo)</visible>
			<control type="image">
				<visible>!Skin.HasSetting(Shadow)</visible>
				<left>802</left>
				<top>892</top>
				<width>35</width>
				<height>35</height>
				<aspectratio>keep</aspectratio>
				<texture colordiffuse="black">icons/cd.png</texture>
				<visible>!String.IsEmpty(MusicPlayer.Title)</visible>
			</control>
			<control type="image">
				<left>800</left>
				<top>890</top>
				<width>35</width>
				<height>35</height>
				<aspectratio>keep</aspectratio>
				<texture>icons/cd.png</texture>
				<visible>!String.IsEmpty(MusicPlayer.Title)</visible>
			</control>
			<control type="label">
				<visible>!Skin.HasSetting(Shadow)</visible>
				<left>852</left>
				<top>892</top>
				<height>35</height>
				<width>840</width>
				<align>left</align>
				<aligny>center</aligny>
				<font>breadcrumb</font>
				<textcolor>black</textcolor>
				<shadowcolor>black</shadowcolor>
				<label>$INFO[MusicPlayer.Title] $INFO[MusicPlayer.Artist, - ] $INFO[MusicPlayer.Album, - ]</label>
				<visible>!String.IsEmpty(MusicPlayer.Title)</visible>
				<scroll>true</scroll>
			</control>
			<control type="label">
				<left>850</left>
				<top>890</top>
				<height>35</height>
				<width>840</width>
				<align>left</align>
				<aligny>center</aligny>
				<font>breadcrumb</font>
				<textcolor>$INFO[Skin.String(color.500)]</textcolor>
				<shadowcolor>black</shadowcolor>
				<label>$INFO[MusicPlayer.Title] [COLORwhite]$INFO[MusicPlayer.Artist, - ] $INFO[MusicPlayer.Album, - ][/COLOR]</label>
				<visible>!String.IsEmpty(MusicPlayer.Title)</visible>
				<scroll>true</scroll>
			</control>
			<control type="image">
				<visible>!Skin.HasSetting(Shadow)</visible>
				<left>802</left>
				<top>942</top>
				<width>35</width>
				<height>35</height>
				<aspectratio>keep</aspectratio>
				<texture colordiffuse="black">icons/clock.png</texture>
				<visible>!String.IsEmpty(MusicPlayer.Duration)</visible>
			</control>
			<control type="image">
				<left>800</left>
				<top>940</top>
				<width>35</width>
				<height>35</height>
				<aspectratio>keep</aspectratio>
				<texture>icons/clock.png</texture>
				<visible>!String.IsEmpty(MusicPlayer.Duration)</visible>
			</control>
			<control type="label">
				<visible>!Skin.HasSetting(Shadow)</visible>
				<left>852</left>
				<top>942</top>
				<height>35</height>
				<width>1050</width>
				<align>left</align>
				<aligny>center</aligny>
				<font>breadcrumb</font>
				<textcolor>black</textcolor>
				<shadowcolor>black</shadowcolor>
				<label>$INFO[MusicPlayer.Time,Aktuelle Laufzeit: ] $INFO[MusicPlayer.offset(1).Artist, Nächstes Lied: ] $INFO[MusicPlayer.offset(1).Title,- ]</label>
				<visible>!String.IsEmpty(MusicPlayer.Duration)</visible>
				<scroll>true</scroll>
			</control>
			<control type="label">
				<left>850</left>
				<top>940</top>
				<height>35</height>
				<width>1050</width>
				<align>left</align>
				<aligny>center</aligny>
				<font>breadcrumb</font>
				<textcolor>$INFO[Skin.String(color.500)]</textcolor>
				<shadowcolor>black</shadowcolor>
				<label>$INFO[MusicPlayer.Time,[COLORwhite]Aktuelle Laufzeit:[/COLOR] ] [COLORgrey]$INFO[MusicPlayer.offset(1).Artist, Nächstes Lied: ] $INFO[MusicPlayer.offset(1).Title,- ][/COLOR]</label>
				<visible>!String.IsEmpty(MusicPlayer.Duration)</visible>
				<scroll>true</scroll>
			</control>
		</control>
		<control type="group">
				<top>855</top>
				<left>10</left>
				<control type="image">
					<left>5</left>
					<top>-10</top>
					<width>410</width>
					<height>80</height>
					<texture colordiffuse="button.nf">backgrounds/white.png</texture>
				</control>
				<control type="button" id="995">
					<left>25</left>
					<top>5</top>
					<width>50</width>
					<height>50</height>
					<label></label>
					<font/>
					<onclick>ActivateWindow(ShutdownMenu)</onclick>
					<texturefocus colordiffuse="red">icons/power.png</texturefocus>
					<texturenofocus colordiffuse="white">icons/power.png</texturenofocus>
					<onleft>999</onleft>
					<onright>996</onright>
					<onup>9000</onup>
					<ondown>9000</ondown>
				</control>
				<control type="button" id="996">
					<left>105</left>
					<top>5</top>
					<width>50</width>
					<height>50</height>
					<label></label>
					<font/>
					<onclick>ActivateWindow(Favourites)</onclick>
					<texturefocus colordiffuse="$INFO[Skin.String(color.500)]">icons/favourites.png</texturefocus>
					<texturenofocus colordiffuse="white">icons/favourites.png</texturenofocus>
					<onleft>995</onleft>
					<onright>997</onright>
					<onup>9000</onup>
					<ondown>9000</ondown>
				</control>
				<control type="button" id="997">
					<left>160</left>
					<top>-20</top>
					<width>100</width>
					<height>100</height>
					<label></label>
					<font/>
					<onclick>ActivateWindow(AddonBrowser)</onclick>
					<texturefocus colordiffuse="$INFO[Skin.String(color.500)]">icons/addons.png</texturefocus>
					<texturenofocus colordiffuse="white">icons/addons.png</texturenofocus>
					<onleft>996</onleft>
					<onright>998</onright>
					<onup>9000</onup>
					<ondown>9000</ondown>
				</control>
				<control type="button" id="998">
					<left>265</left>
					<top>5</top>
					<width>50</width>
					<height>50</height>
					<label></label>
					<font/>
					<onclick>ActivateWindow(Settings)</onclick>
					<texturefocus colordiffuse="$INFO[Skin.String(color.500)]">icons/settings2.png</texturefocus>
					<texturenofocus colordiffuse="white">icons/settings2.png</texturenofocus>
					<onleft>997</onleft>
					<onright>999</onright>
					<onup>9000</onup>
					<ondown>9000</ondown>
				</control>
				<control type="button" id="999">
					<left>345</left>
					<top>5</top>
					<width>50</width>
					<height>50</height>
					<label></label>
					<font/>
					<onclick>ActivateWindow(Filemanager)</onclick>
					<texturefocus colordiffuse="$INFO[Skin.String(color.500)]">icons/filemanager.png</texturefocus>
					<texturenofocus colordiffuse="white">icons/filemanager.png</texturenofocus>
					<onleft>998</onleft>
					<onright>995</onright>
					<onup>9000</onup>
					<ondown>9000</ondown>
				</control>
			</control>
		<control type="group">
			<visible>!Skin.HasSetting(View50HideClock)</visible>
			<control type="label">
				<visible>!Skin.HasSetting(Shadow)</visible>
				<top>123r</top>
				<left>22</left>
				<width>500</width>
				<height>22</height>
				<font>font14</font>
				<align>left</align>
				<aligny>center</aligny>
				<label>$INFO[System.Date]</label>
				<textcolor>black</textcolor>
				<shadowcolor>black</shadowcolor>
			</control>
			<control type="label">
				<top>125r</top>
				<left>20</left>
				<width>500</width>
				<height>22</height>
				<font>font14</font>
				<align>left</align>
				<aligny>center</aligny>
				<label>$INFO[System.Date]</label>
				<textcolor>white</textcolor>
				<shadowcolor>black</shadowcolor>
			</control>
			<control type="label">
				<visible>!Skin.HasSetting(Shadow)</visible>
				<top>78r</top>
				<left>22</left>
				<width>500</width>
				<height>30</height>
				<align>left</align>
				<aligny>center</aligny>
				<font>font35_title</font>
				<textcolor>black</textcolor>
				<shadowcolor>black</shadowcolor>
				<label>$INFO[System.Time(hh:mm:ss)]</label>
			</control>
			<control type="label">
				<top>80r</top>
				<left>20</left>
				<width>500</width>
				<height>30</height>
				<align>left</align>
				<aligny>center</aligny>
				<font>font35_title</font>
				<textcolor>$INFO[Skin.String(color.500)]</textcolor>
				<shadowcolor>black</shadowcolor>
				<label>$INFO[System.Time(hh:mm:ss)]</label>
			</control>
		</control>
		<control type="group">
			<visible>!Skin.HasSetting(homepageWeatherinfo) + !String.IsEmpty(Weather.Plugin)</visible>
			<control type="label">
				<visible>!Skin.HasSetting(Shadow)</visible>
				<top>22</top>
				<left>22</left>
				<width>500</width>
				<height>22</height>
				<font>font14</font>
				<align>left</align>
				<aligny>center</aligny>
				<label>$INFO[Window(Weather).Property(Current.Condition)]</label>
				<textcolor>black</textcolor>
				<shadowcolor>black</shadowcolor>
			</control>
			<control type="label">
				<top>20</top>
				<left>20</left>
				<width>500</width>
				<height>22</height>
				<font>font14</font>
				<align>left</align>
				<aligny>center</aligny>
				<label>$INFO[Window(Weather).Property(Current.Condition)]</label>
				<textcolor>white</textcolor>
				<shadowcolor>black</shadowcolor>
			</control>
			<control type="image">
				<visible>!Skin.HasSetting(Shadow)</visible>
				<top>47</top>
				<left>22</left>
				<width>70</width>
				<height>70</height>
				<aspectratio>keep</aspectratio>
				<texture colordiffuse="black">$INFO[Weather.ConditionsIcon]</texture>
			</control>
			<control type="image">
				<top>45</top>
				<left>20</left>
				<width>70</width>
				<height>70</height>
				<aspectratio>keep</aspectratio>
				<texture>$INFO[Weather.ConditionsIcon]</texture>
			</control>
			<control type="label">
				<visible>!Skin.HasSetting(Shadow)</visible>
				<top>67</top>
				<left>102</left>
				<width>300</width>
				<height>30</height>
				<align>left</align>
				<aligny>center</aligny>
				<font>font35_title</font>
				<textcolor>black</textcolor>
				<shadowcolor>black</shadowcolor>
				<label>$INFO[Window(Weather).Property(Current.Temperature)] $INFO[System.TemperatureUnits]</label>
			</control>
			<control type="label">
				<top>65</top>
				<left>100</left>
				<width>300</width>
				<height>30</height>
				<align>left</align>
				<aligny>center</aligny>
				<font>font35_title</font>
				<textcolor>$INFO[Skin.String(color.500)]</textcolor>
				<shadowcolor>black</shadowcolor>
				<label>$INFO[Window(Weather).Property(Current.Temperature)] $INFO[System.TemperatureUnits]</label>
			</control>
		</control>
		<control type="group">
			<left>242</left>
			<right>18</right>
			<top>63r</top>
			<control type="group">
				<visible>system.getbool(lookandfeel.enablerssfeeds)</visible>
				<visible>!Skin.HasSetting(Shadow)</visible>
				<control type="rss">
					<centerleft>50%</centerleft>
					<height>30</height>
					<width>100%</width>
					<font>breadcrumb.secondary</font>
					<urlset>1</urlset>
					<textcolor>black</textcolor>
					<titlecolor>black</titlecolor>
					<headlinecolor>black</headlinecolor>
					<shadowcolor>black</shadowcolor>
				</control>
			</control>
		</control>
		<control type="group">
			<left>240</left>
			<right>20</right>
			<top>65r</top>
			<control type="group">
				<visible>system.getbool(lookandfeel.enablerssfeeds)</visible>
				<control type="rss">
					<centerleft>50%</centerleft>
					<height>30</height>
					<width>100%</width>
					<font>breadcrumb.secondary</font>
					<urlset>1</urlset>
					<textcolor>$INFO[Skin.String(color.500)]</textcolor>
					<titlecolor>$INFO[Skin.String(color.500)]</titlecolor>
					<headlinecolor>white</headlinecolor>
					<shadowcolor>black</shadowcolor>
				</control>
			</control>
		</control>
		<include>BehindDialogFadeOut</include>
	</controls>
</window>