<?xml version="1.0" encoding="UTF-8"?>
<window>
	<defaultcontrol always="true">50</defaultcontrol>
	<onload condition="Skin.HasSetting(StopVideoOnBack) + !Player.HasAudio">PlayerControl(Stop)</onload>
	<menucontrol>9000</menucontrol>
	<views>50,501,508</views>
	<controls>
		<control type="group">
			<control type="group">
			<visible>!Skin.HasSetting(HideFanart)</visible>
			<visible>!Control.IsVisible(501)</visible>
				<control type="image">
					<left>1270r</left>
					<top>0</top>
					<width>1280</width>
					<height>720</height>
					<texture>$INFO[ListItem.Art(fanart)]</texture>
				</control>
				<control type="image">
				<visible>!Skin.HasSetting(TMDbVideo)</visible>
					<left>1270r</left>
					<top>0</top>
					<width>1280</width>
					<height>720</height>
					<texture>$INFO[Window(Home).Property(TMDbHelper.ListItem.fanart)]</texture>
					<visible>!String.IsEmpty(Window(Home).Property(TMDbHelper.ListItem.fanart))</visible>
				</control>
				<control type="image">
					<left>0</left>
					<top>0</top>
					<width>100%</width>
					<height>100%</height>
					<texture>backgrounds/fade.png</texture>
					<aspectratio>scale</aspectratio>
				</control>
				<control type="image">
					<left>0</left>
					<top>0</top>
					<width>100%</width>
					<height>100%</height>
					<texture>backgrounds/fade.png</texture>
					<aspectratio>scale</aspectratio>
				</control>
				<control type="image">
					<left>0</left>
					<top>0</top>
					<width>100%</width>
					<height>100%</height>
					<texture>backgrounds/fade.png</texture>
					<aspectratio>scale</aspectratio>
				</control>
				<control type="image">
					<left>0</left>
					<top>0</top>
					<width>100%</width>
					<height>100%</height>
					<texture>backgrounds/fade.png</texture>
					<aspectratio>scale</aspectratio>
				</control>
				<control type="image">
					<left>0</left>
					<top>0</top>
					<width>1920</width>
					<height>1080</height>
					<texture diffuse="backgrounds/backgrounddiffuse.png">$INFO[Skin.CurrentTheme,special://skin/extras/backgrounds/,.jpg]</texture>
				</control>
				<control type="image">
					<left>0</left>
					<top>0</top>
					<width>1920</width>
					<height>1080</height>
					<texture diffuse="backgrounds/backgrounddiffuse.png">$INFO[Skin.String(CustomBackgroundPath)]</texture>
					<visible>Skin.HasSetting(UseCustomBackground) + Skin.String(CustomBackgroundPath)</visible>
				</control>
			</control>
			<control type="group">
			<visible>Skin.HasSetting(HideFanart)</visible>
			<visible>!Control.IsVisible(501)</visible>
				<control type="image">
					<left>0</left>
					<top>0</top>
					<width>1920</width>
					<height>1080</height>
					<texture>$INFO[Skin.CurrentTheme,special://skin/extras/backgrounds/,.jpg]</texture>
				</control>
				<control type="image">
					<left>0</left>
					<top>0</top>
					<width>1920</width>
					<height>1080</height>
					<texture>$INFO[Skin.String(CustomBackgroundPath)]</texture>
					<visible>Skin.HasSetting(UseCustomBackground) + Skin.String(CustomBackgroundPath)</visible>
				</control>
			</control>
			<control type="group">
			<visible>!Skin.HasSetting(HideFanart)</visible>
			<visible>Control.IsVisible(501)</visible>
				<control type="image">
					<left>0</left>
					<top>0</top>
					<width>914</width>
					<height>514</height>
					<texture>$INFO[ListItem.Art(fanart)]</texture>
				</control>
				<control type="image">
				<visible>!Skin.HasSetting(TMDbVideo)</visible>
					<left>0</left>
					<top>0</top>
					<width>914</width>
					<height>514</height>
					<texture>$INFO[Window(Home).Property(TMDbHelper.ListItem.fanart)]</texture>
					<visible>!String.IsEmpty(Window(Home).Property(TMDbHelper.ListItem.fanart))</visible>
				</control>
				<control type="image">
					<left>0</left>
					<top>0</top>
					<width>100%</width>
					<height>100%</height>
					<texture>backgrounds/fade.png</texture>
					<aspectratio>scale</aspectratio>
				</control>
				<control type="image">
					<left>0</left>
					<top>0</top>
					<width>100%</width>
					<height>100%</height>
					<texture>backgrounds/fade.png</texture>
					<aspectratio>scale</aspectratio>
				</control>
				<control type="image">
					<left>0</left>
					<top>0</top>
					<width>100%</width>
					<height>100%</height>
					<texture>backgrounds/fade.png</texture>
					<aspectratio>scale</aspectratio>
				</control>
				<control type="image">
					<left>2880r</left>
					<top>1620r</top>
					<width>2880</width>
					<height>1620</height>
					<texture flipx="true" diffuse="backgrounds/backgrounddiffuse.png">$INFO[Skin.CurrentTheme,special://skin/extras/backgrounds/,.jpg]</texture>
				</control>
				<control type="image">
					<left>2880r</left>
					<top>1620r</top>
					<width>2880</width>
					<height>1620</height>
					<texture flipx="true" diffuse="backgrounds/backgrounddiffuse.png">$INFO[Skin.String(CustomBackgroundPath)]</texture>
					<visible>Skin.HasSetting(UseCustomBackground) + Skin.String(CustomBackgroundPath)</visible>
				</control>
			</control>
			<control type="group">
			<visible>Skin.HasSetting(HideFanart501)</visible>
			<visible>Control.IsVisible(501)</visible>
				<control type="image">
					<left>0</left>
					<top>0</top>
					<width>1920</width>
					<height>1080</height>
					<texture>$INFO[Skin.CurrentTheme,special://skin/extras/backgrounds/,.jpg]</texture>
				</control>
				<control type="image">
					<left>0</left>
					<top>0</top>
					<width>1920</width>
					<height>1080</height>
					<texture>$INFO[Skin.String(CustomBackgroundPath)]</texture>
					<visible>Skin.HasSetting(UseCustomBackground) + Skin.String(CustomBackgroundPath)</visible>
				</control>
			</control>
			<control type="group">
				<visible>!Skin.HasSetting(Touchmode)</visible>
				<control type="image">
					<right>20</right>
					<top>25</top>
					<width>60</width>
					<height>60</height>
					<texture colordiffuse="button.nf">backgrounds/white.png</texture>
				</control>
				<control type="button" id="998">
					<right>25</right>
					<top>30</top>
					<width>50</width>
					<height>50</height>
					<label></label>
					<font/>
					<onclick>ActivateWindow(home)</onclick>
					<texturefocus colordiffuse="$INFO[Skin.String(color.500)]">icons/home.png</texturefocus>
					<texturenofocus colordiffuse="white">icons/home.png</texturenofocus>
					<onleft>999</onleft>
					<onright>999</onright>
					<onup></onup>
					<ondown></ondown>
				</control>
				<control type="image">
					<right>100</right>
					<top>25</top>
					<width>60</width>
					<height>60</height>
					<texture colordiffuse="button.nf">backgrounds/white.png</texture>
				</control>
				<control type="button" id="999">
					<right>110</right>
					<top>35</top>
					<width>40</width>
					<height>40</height>
					<label></label>
					<font/>
					<onclick>back</onclick>
					<texturefocus colordiffuse="$INFO[Skin.String(color.500)]">icons/back.png</texturefocus>
					<texturenofocus colordiffuse="white">icons/back.png</texturenofocus>
					<onleft>9001</onleft>
					<onright>998</onright>
					<onup></onup>
					<ondown></ondown>
				</control>
				<control type="image">
					<right>180</right>
					<top>25</top>
					<width>60</width>
					<height>60</height>
					<texture colordiffuse="button.nf">backgrounds/white.png</texture>
				</control>
				<control type="button" id="9001">
					<right>190</right>
					<top>35</top>
					<width>40</width>
					<height>40</height>
					<label></label>
					<font/>
					<onclick></onclick>
					<texturefocus colordiffuse="$INFO[Skin.String(color.500)]">icons/settings.png</texturefocus>
					<texturenofocus colordiffuse="white">icons/settings.png</texturenofocus>
					<onleft>9000</onleft>
					<onright>998</onright>
					<onup></onup>
					<ondown></ondown>
				</control>
			</control>
			<control type="group">
				<visible>!Skin.HasSetting(View50HideClock)</visible>
				<visible>!Player.HasAudio + !Skin.HasSetting(homepageMusicinfo)</visible>
				<visible>!Player.HasVideo + !Skin.HasSetting(homepageVideoinfo)</visible>
				<control type="label">
					<visible>!Skin.HasSetting(Shadow)</visible>
					<top>122r</top>
					<left>23</left>
					<width>500</width>
					<height>22</height>
					<font>font14</font>
					<align>left</align>
					<aligny>center</aligny>
					<label>$INFO[System.Date]</label>
					<textcolor>black</textcolor>
					<shadowcolor>black</shadowcolor>
				</control>
				<control type="label">
					<top>125r</top>
					<left>20</left>
					<width>500</width>
					<height>22</height>
					<font>font14</font>
					<align>left</align>
					<aligny>center</aligny>
					<label>$INFO[System.Date]</label>
					<textcolor>white</textcolor>
					<shadowcolor>black</shadowcolor>
				</control>
				<control type="label">
					<visible>!Skin.HasSetting(Shadow)</visible>
					<top>77r</top>
					<left>23</left>
					<width>500</width>
					<height>30</height>
					<align>left</align>
					<aligny>center</aligny>
					<font>font35_title</font>
					<textcolor>black</textcolor>
					<shadowcolor>black</shadowcolor>
					<label>$INFO[System.Time(hh:mm:ss)]</label>
				</control>
				<control type="label">
					<top>80r</top>
					<left>20</left>
					<width>500</width>
					<height>30</height>
					<align>left</align>
					<aligny>center</aligny>
					<font>font35_title</font>
					<textcolor>$INFO[Skin.String(color.500)]</textcolor>
					<shadowcolor>black</shadowcolor>
					<label>$INFO[System.Time(hh:mm:ss)]</label>
				</control>
			</control>
			<control type="image">
				<visible>!Skin.HasSetting(Shadow)</visible>
				<left>5</left>
				<top>938</top>
				<width>1920</width>
				<height>64</height>
				<texture colordiffuse="black">menu_bar_views.png</texture>
			</control>
			<control type="image">
				<left>0</left>
				<top>935</top>
				<width>1920</width>
				<height>64</height>
				<texture colordiffuse="$INFO[Skin.String(color.500)]">menu_bar_views.png</texture>
			</control>
			<control type="group">
				<left>0</left>
				<top>510</top>
				<visible>Player.HasAudio + !Skin.HasSetting(homepageMusicinfo) + String.IsEmpty(Window(Videos).Property(PlayingBackgroundMedia))</visible>
				<control type="group">
					<control type="label">
						<left>20</left>
						<top>440</top>
						<height>38</height>
						<width>560</width>
						<align>left</align>
						<aligny>center</aligny>
						<font>breadcrumb</font>
						<textcolor>$INFO[Skin.String(color.500)]</textcolor>
						<shadowcolor>black</shadowcolor>
						<label>$INFO[Player.Title]</label>
						<scroll>true</scroll>
					</control>
					<control type="label">
						<left>20</left>
						<top>470</top>
						<height>38</height>
						<width>560</width>
						<align>left</align>
						<aligny>center</aligny>
						<font>breadcrumb.secondary</font>
						<textcolor>$INFO[Skin.String(color.500)]</textcolor>
						<shadowcolor>black</shadowcolor>
						<label>$INFO[MusicPlayer.Artist] [COLORwhite]$INFO[MusicPlayer.Album]$INFO[musicplayer.discnumber, - $LOCALIZE[427]: ][/COLOR]</label>
						<scroll>true</scroll>
					</control>
					<control type="label">
						<left>20</left>
						<top>500</top>
						<height>38</height>
						<width>560</width>
						<align>left</align>
						<aligny>center</aligny>
						<font>breadcrumb.secondary</font>
						<textcolor>white</textcolor>
						<shadowcolor>black</shadowcolor>
						<label>$INFO[Player.Time] / $INFO[Player.Duration,]</label>
						<scroll>true</scroll>
					</control>
				</control>
			</control>
			<control type="group">
				<left>0</left>
				<top>480</top>
				<visible>Player.HasVideo + !Skin.HasSetting(homepageVideoinfo) + String.IsEmpty(Window(Videos).Property(PlayingBackgroundMedia))</visible>
					<control type="group">
					<visible>!VideoPlayer.Content(Movies) + !VideoPlayer.Content(Episodes) + !VideoPlayer.Content(LiveTV)</visible>
					<control type="label">
						<left>20</left>
						<top>500</top>
						<height>38</height>
						<width>560</width>
						<align>left</align>
						<aligny>center</aligny>
						<font>breadcrumb</font>
						<textcolor>$INFO[Skin.String(color.500)]</textcolor>
						<shadowcolor>black</shadowcolor>
						<label>$INFO[Player.Title]</label>
						<scroll>true</scroll>
					</control>
					<control type="label">
						<left>20</left>
						<top>530</top>
						<height>38</height>
						<width>560</width>
						<align>left</align>
						<aligny>center</aligny>
						<font>breadcrumb.secondary</font>
						<textcolor>white</textcolor>
						<shadowcolor>black</shadowcolor>
						<label>$INFO[Player.Time] / $INFO[Player.Duration,]</label>
					</control>
				</control>
				<control type="group">
					<visible>VideoPlayer.Content(LiveTV)</visible>
					<control type="label">
						<left>20</left>
						<top>470</top>
						<height>38</height>
						<width>560</width>
						<align>left</align>
						<aligny>center</aligny>
						<font>breadcrumb</font>
						<textcolor>$INFO[Skin.String(color.500)]</textcolor>
						<shadowcolor>black</shadowcolor>
						<label>$INFO[Player.Title]</label>
						<scroll>true</scroll>
					</control>
					<control type="label">
						<left>20</left>
						<top>500</top>
						<height>38</height>
						<width>560</width>
						<align>left</align>
						<aligny>center</aligny>
						<font>breadcrumb.secondary</font>
						<textcolor>white</textcolor>
						<shadowcolor>black</shadowcolor>
						<label>$INFO[VideoPlayer.ChannelName]</label>
						<scroll>true</scroll>
					</control>
					<control type="label">
						<left>20</left>
						<top>530</top>
						<height>38</height>
						<width>560</width>
						<align>left</align>
						<aligny>center</aligny>
						<font>breadcrumb.secondary</font>
						<textcolor>white</textcolor>
						<shadowcolor>black</shadowcolor>
						<label>$INFO[Player.Time] / $INFO[Player.Duration,]</label>
					</control>
				</control>
				<control type="group">
					<visible>VideoPlayer.Content(Movies)</visible>
					<control type="label">
						<left>20</left>
						<top>470</top>
						<height>38</height>
						<width>560</width>
						<align>left</align>
						<aligny>center</aligny>
						<font>breadcrumb</font>
						<textcolor>$INFO[Skin.String(color.500)]</textcolor>
						<shadowcolor>black</shadowcolor>
						<label>$INFO[Player.Title]</label>
						<scroll>true</scroll>
					</control>
					<control type="label">
						<left>20</left>
						<top>500</top>
						<height>38</height>
						<width>560</width>
						<align>left</align>
						<aligny>center</aligny>
						<font>breadcrumb.secondary</font>
						<textcolor>white</textcolor>
						<shadowcolor>black</shadowcolor>
						<label>$INFO[VideoPlayer.Studio]</label>
						<scroll>true</scroll>
					</control>
					<control type="label">
						<left>20</left>
						<top>530</top>
						<height>38</height>
						<width>560</width>
						<align>left</align>
						<aligny>center</aligny>
						<font>breadcrumb.secondary</font>
						<textcolor>white</textcolor>
						<shadowcolor>black</shadowcolor>
						<label>$INFO[Player.Time] / $INFO[Player.Duration,]</label>
					</control>
				</control>
				<control type="group">
					<visible>VideoPlayer.Content(Episodes)</visible>
					<control type="label">
						<left>20</left>
						<top>470</top>
						<height>38</height>
						<width>560</width>
						<align>left</align>
						<aligny>center</aligny>
						<font>breadcrumb</font>
						<textcolor>$INFO[Skin.String(color.500)]</textcolor>
						<shadowcolor>black</shadowcolor>
						<label>$INFO[Player.Title]</label>
						<scroll>true</scroll>
					</control>
					<control type="label">
						<left>20</left>
						<top>500</top>
						<height>38</height>
						<width>560</width>
						<align>left</align>
						<aligny>center</aligny>
						<font>breadcrumb.secondary</font>
						<textcolor>white</textcolor>
						<shadowcolor>black</shadowcolor>
						<label>$INFO[VideoPlayer.TVShowTitle] ($INFO[VideoPlayer.Season,$LOCALIZE[20373] , - ]$INFO[VideoPlayer.episode,$LOCALIZE[20359] ,])</label>
						<scroll>true</scroll>
					</control>
					<control type="label">
						<left>20</left>
						<top>530</top>
						<height>38</height>
						<width>450</width>
						<align>left</align>
						<aligny>center</aligny>
						<font>breadcrumb.secondary</font>
						<textcolor>white</textcolor>
						<shadowcolor>black</shadowcolor>
						<label>$INFO[Player.Time] / $INFO[Player.Duration,]</label>
					</control>
				</control>
			</control>
			<control type="label">
				<left>520r</left>
				<top>1010</top>
				<height>38</height>
				<width>500</width>
				<align>right</align>
				<aligny>center</aligny>
				<font>breadcrumb.secondary</font>
				<textcolor>white</textcolor>
				<shadowcolor>black</shadowcolor>
				<label>$INFO[Container.NumItems] $LOCALIZE[31025] $INFO[Container.CurrentPage,$LOCALIZE[31024] ]$INFO[Container.NumPages,/,]</label>
			</control>
			<control type="group">
				<visible>!Window.IsActive(MovieInformation)</visible>
				<include>CommonRootView</include>
				<include>PosterWrapView2_Fanart</include>
				<!-- view id = 508 -->
				<include>PosterWrapView</include>
				<!-- view id = 501 -->
			</control>
			<include>BehindDialogFadeOut</include>
			<control type="group">
				<left>-383</left>
				<include>SideBladeLeft</include>
				<control type="group">
					<top>100</top>
					<bottom>0</bottom>
					<control type="grouplist" id="9000">
						<left>10</left>
						<width>375</width>
						<height>100%</height>
						<onleft>9000</onleft>
						<onright>50</onright>
						<onup>9000</onup>
						<ondown>9000</ondown>
						<onback>50</onback>
						<itemgap>10</itemgap>
						<control type="button" id="2">
							<textwidth>352</textwidth>
							<include>ButtonCommonValues</include>
							<label></label>
						</control>
						<control type="button" id="3">
							<include>ButtonCommonValues</include>
							<label>137</label>
						</control>
						<control type="button" id="4">
							<include>ButtonCommonValues</include>
							<label>103</label>
						</control>
						<control type="togglebutton" id="5">
							<include>ButtonCommonValues</include>
							<label>31051</label>
							<altlabel>31050</altlabel>
							<usealttexture>Container.SortDirection(Ascending)</usealttexture>
						</control>
						<control type="button" id="8">
							<include>ButtonCommonValues</include>
							<label>137</label>
						</control>
						<control type="togglebutton" id="20">
							<textwidth>352</textwidth>
							<include>ButtonCommonValues</include>
							<label>653</label>
							<altlabel>13353</altlabel>
							<usealttexture>library.isscanningvideo</usealttexture>
						</control>
						<control type="edit" id="6">
							<visible>!Container.CanFilterAdvanced</visible>
							<textwidth>345</textwidth>
							<include>ButtonCommonValues</include>
							<label>587</label>
						</control>
						<control type="radiobutton" id="7">
							<visible>Container.CanFilterAdvanced</visible>
							<include>ButtonCommonValues</include>
							<label>587</label>
							<selected>Container.Filtered</selected>
							<onclick>right</onclick>
							<onclick>Filter</onclick>
						</control>
						<control type="radiobutton" id="14">
							<textwidth>255</textwidth>
							<include>ButtonCommonValues</include>
							<label>20367</label>
						</control>
						<control type="radiobutton" id="11">
							<textwidth>255</textwidth>
							<include>ButtonCommonValues</include>
							<label>31963</label>
							<onclick>Skin.ToggleSetting(View50HideClock)</onclick>
							<selected>Skin.HasSetting(View50HideClock)</selected>
							<visible>Control.IsVisible(50) | Control.IsVisible(501) | Control.IsVisible(508)</visible>
						</control>
						<control type="radiobutton" id="9">
							<textwidth>255</textwidth>
							<include>ButtonCommonValues</include>
							<label>31005</label>
							<onclick>Skin.ToggleSetting(View50HideInfo)</onclick>
							<selected>Skin.HasSetting(View50HideInfo)</selected>
							<visible>Control.IsVisible(50)</visible>
						</control>
						<control type="radiobutton" id="17">
							<textwidth>255</textwidth>
							<include>ButtonCommonValues</include>
							<label>32005</label>
							<onclick>Skin.ToggleSetting(HideFanart)</onclick>
							<selected>Skin.HasSetting(HideFanart)</selected>
							<visible>Control.IsVisible(50) | Control.IsVisible(508)</visible>
						</control>
						<control type="radiobutton" id="23">
							<textwidth>255</textwidth>
							<include>ButtonCommonValues</include>
							<label>32009</label>
							<onclick>Skin.ToggleSetting(View50HideMovieShell)</onclick>
							<selected>Skin.HasSetting(View50HideMovieShell)</selected>
							<visible>Control.IsVisible(50)</visible>
							<visible>Container.Content(Movies) | Container.Content(Sets) | Container.Content(TVShows) | Container.Content(Seasons)</visible>
						</control>
						<control type="radiobutton" id="24">
							<textwidth>255</textwidth>
							<include>ButtonCommonValues</include>
							<label>32009</label>
							<onclick>Skin.ToggleSetting(View50HideTVshowShell)</onclick>
							<selected>Skin.HasSetting(View50HideTVshowShell)</selected>
							<visible>Control.IsVisible(50)</visible>
							<visible>Library.HasContent(TVShows)</visible>
							<visible>Container.Content(TVShows) | Container.Content(Seasons)</visible>
						</control>
						<control type="radiobutton" id="18">
							<textwidth>255</textwidth>
							<include>ButtonCommonValues</include>
							<label>32006</label>
							<onclick>Skin.ToggleSetting(View50HideLogo)</onclick>
							<selected>Skin.HasSetting(View50HideLogo)</selected>
							<visible>Control.IsVisible(50)</visible>
						</control>
						<control type="radiobutton" id="21">
							<textwidth>255</textwidth>
							<include>ButtonCommonValues</include>
							<label>32007</label>
							<onclick>Skin.ToggleSetting(View50HideDisc)</onclick>
							<selected>Skin.HasSetting(View50HideDisc)</selected>
							<visible>Control.IsVisible(50)</visible>
						</control>
						<control type="radiobutton" id="22">
							<textwidth>255</textwidth>
							<include>ButtonCommonValues</include>
							<label>32008</label>
							<onclick>Skin.ToggleSetting(View50HideFlag)</onclick>
							<selected>Skin.HasSetting(View50HideFlag)</selected>
							<visible>Control.IsVisible(50)</visible>
						</control>
						<control type="radiobutton" id="13">
							<label>589</label>
							<include>ButtonCommonValues</include>
							<visible>Container.Content(MusicVideos)</visible>
						</control>
						<control type="radiobutton" id="25">
							<textwidth>255</textwidth>
							<include>ButtonCommonValues</include>
							<label>31005</label>
							<onclick>Skin.ToggleSetting(View508HideInfo)</onclick>
							<selected>Skin.HasSetting(View508HideInfo)</selected>
							<visible>Control.IsVisible(508)</visible>
						</control>
						<control type="radiobutton" id="29">
							<textwidth>255</textwidth>
							<include>ButtonCommonValues</include>
							<label>32009</label>
							<onclick>Skin.ToggleSetting(View508HideMovieShell)</onclick>
							<selected>Skin.HasSetting(View508HideMovieShell)</selected>
							<visible>Control.IsVisible(508)</visible>
							<visible>Container.Content(Movies) | Container.Content(Sets) | Container.Content(TVShows) | Container.Content(Seasons)</visible>
						</control>
						<control type="radiobutton" id="30">
							<textwidth>255</textwidth>
							<include>ButtonCommonValues</include>
							<label>32009</label>
							<onclick>Skin.ToggleSetting(View508HideTVshowShell)</onclick>
							<selected>Skin.HasSetting(View508HideTVshowShell)</selected>
							<visible>Control.IsVisible(508)</visible>
							<visible>Library.HasContent(TVShows)</visible>
							<visible>Container.Content(TVShows) | Container.Content(Seasons)</visible>
						</control>
						<control type="radiobutton" id="26">
							<textwidth>255</textwidth>
							<include>ButtonCommonValues</include>
							<label>32006</label>
							<onclick>Skin.ToggleSetting(View508HideLogo)</onclick>
							<selected>Skin.HasSetting(View508HideLogo)</selected>
							<visible>Control.IsVisible(508)</visible>
						</control>
						<control type="radiobutton" id="27">
							<textwidth>255</textwidth>
							<include>ButtonCommonValues</include>
							<label>32007</label>
							<onclick>Skin.ToggleSetting(View508HideDisc)</onclick>
							<selected>Skin.HasSetting(View508HideDisc)</selected>
							<visible>Control.IsVisible(508)</visible>
						</control>
						<control type="radiobutton" id="28">
							<textwidth>255</textwidth>
							<include>ButtonCommonValues</include>
							<label>32008</label>
							<onclick>Skin.ToggleSetting(View508HideFlag)</onclick>
							<selected>Skin.HasSetting(View508HideFlag)</selected>
							<visible>Control.IsVisible(508)</visible>
						</control>
						<control type="radiobutton" id="29">
							<textwidth>255</textwidth>
							<include>ButtonCommonValues</include>
							<label>31005</label>
							<onclick>Skin.ToggleSetting(View501HideInfo)</onclick>
							<selected>Skin.HasSetting(View501HideInfo)</selected>
							<visible>Control.IsVisible(501)</visible>
						</control>
						<control type="radiobutton" id="30">
							<textwidth>255</textwidth>
							<include>ButtonCommonValues</include>
							<label>32005</label>
							<onclick>Skin.ToggleSetting(HideFanart501)</onclick>
							<selected>Skin.HasSetting(HideFanart501)</selected>
							<visible>Control.IsVisible(501)</visible>
						</control>
						<control type="radiobutton" id="31">
							<textwidth>255</textwidth>
							<include>ButtonCommonValues</include>
							<label>32006</label>
							<onclick>Skin.ToggleSetting(View501HideLogo)</onclick>
							<selected>Skin.HasSetting(View501HideLogo)</selected>
							<visible>Control.IsVisible(501)</visible>
						</control>
						<control type="radiobutton" id="32">
							<textwidth>255</textwidth>
							<include>ButtonCommonValues</include>
							<label>32008</label>
							<onclick>Skin.ToggleSetting(View501HideFlag)</onclick>
							<selected>Skin.HasSetting(View501HideFlag)</selected>
							<visible>Control.IsVisible(501)</visible>
						</control>
					</control>
				</control>
			</control>
		</control>
	</controls>
</window>