<?xml version="1.0" encoding="UTF-8" standalone="yes"?>
<addon id="repository.testmatrix" name="[B][COLOR coral]testmatrix[/COLOR][/B][COLOR azure] Repository[/COLOR]" provider-name="TVISIA" version="1.0.0">
  <extension point="xbmc.addon.repository" name="testmatrix Repository">
    <dir>
      <info compressed="false">https://raw.githubusercontent.com/TVISIA/repository.testmatrix/main/repo/zips/addons.xml</info>
      <checksum>https://raw.githubusercontent.com/TVISIA/repository.testmatrix/main/repo/zips/addons.xml.md5</checksum>
      <datadir zip="true">https://raw.githubusercontent.com/TVISIA/repository.testmatrix/main/repo/zips/</datadir>
    </dir>
  </extension>
  <extension point="xbmc.addon.metadata">
    <platform>all</platform>
    <description lang="en">[B][COLOR coral]testmatrix[/COLOR][/B][COLOR azure] Repository[/COLOR]"</description>
    <license></license>
    <language></language>
    <website></website>
    <news></news>
    <assets>
      <icon>icon.png</icon>
    </assets> 
  </extension>
</addon>